2, 19, 0
2, 16, 0
2, 13, 0
2, 15, 0
2, 11, 0
2, 11, 0
2, 11, 0
2, 10, 0
2, 10, 0
2, 10, 0
2, 9, 0
2, 10, 0
2, 9, 0
2, 9, 0
2, 8, 0
2, 9, 0
2, 8, 0
2, 9, 0
2, 8, 0
2, 8, 0
2, 9, 0
2, 8, 0
2, 8, 0
2, 8, 0
2, 9, 0
2, 8, 0
2, 8, 0
2, 9, 0
2, 8, 0
2, 8, 0
2, 8, 0
2, 9, 0
2, 8, 0
2, 8, 0
2, 8, 0
2, 9, 0
2, 8, 0
2, 8, 0
2, 8, 0
2, 9, 0
2, 8, 0
2, 8, 0
2, 9, 0
2, 8, 0
2, 8, 0
2, 8, 0
2, 9, 0
2, 8, 0
2, 8, 0
2, 9, 0
2, 8, 0
2, 8, 0
2, 9, 0
2, 8, 0
2, 8, 0
2, 8, 0
2, 9, 0
2, 8, 0
2, 8, 0
2, 9, 0
2, 8, 0
2, 8, 0
2, 9, 0
2, 8, 0
2, 8, 0
2, 9, 0
2, 8, 0
2, 8, 0
2, 8, 0
2, 9, 0
2, 8, 0
2, 8, 0
2, 9, 0
2, 22, 650
2, 20, 633
2, 19, 621
2, 18, 603
2, 18, 591
2, 17, 580
2, 17, 568
2, 17, 553
2, 17, 546
2, 16, 535
2, 16, 525
2, 16, 516
2, 15, 509
2, 16, 501
2, 15, 494
2, 14, 487
2, 15, 483
2, 14, 475
2, 15, 468
2, 14, 460
2, 14, 456
2, 14, 451
2, 13, 448
2, 14, 439
2, 13, 428
2, 13, 423
2, 13, 415
2, 13, 411
2, 13, 408
2, 13, 401
2, 12, 399
2, 16, 394
2, 12, 384
2, 13, 378
2, 12, 371
2, 12, 367
2, 11, 364
2, 12, 358
2, 12, 353
2, 12, 351
2, 11, 349
2, 12, 347
2, 12, 342
2, 11, 342
2, 12, 336
2, 11, 332
2, 12, 331
2, 13, 329
2, 12, 326
2, 12, 324
2, 12, 322
2, 12, 320
2, 12, 319
2, 11, 314
2, 12, 311
2, 13, 308
2, 13, 305
2, 13, 303
2, 13, 300
2, 12, 299
2, 12, 298
2, 12, 296
2, 12, 291
2, 11, 290
2, 12, 290
2, 11, 290
2, 11, 290
2, 11, 286
2, 11, 285
2, 11, 285
2, 11, 280
2, 11, 280
2, 11, 279
2, 10, 275
2, 11, 273
2, 10, 271
2, 10, 267
2, 11, 263
2, 10, 262
2, 11, 259
2, 12, 259
2, 11, 258
2, 11, 258
2, 10, 255
2, 11, 255
2, 11, 252
2, 12, 252
2, 12, 248
2, 11, 247
2, 12, 247
2, 49, 902
2, 49, 888
2, 49, 878
2, 46, 868
2, 59, 856
2, 59, 841
2, 54, 834
2, 57, 826
2, 56, 819
2, 57, 811
2, 55, 807
2, 55, 797
2, 54, 787
2, 49, 780
2, 46, 776
2, 52, 771
2, 48, 764
2, 39, 757
2, 74, 1220
2, 95, 1206
2, 95, 1196
2, 93, 1184
2, 93, 1177
2, 91, 1165
2, 90, 1154
2, 89, 1144
2, 85, 1137
2, 87, 1129
2, 73, 1119
2, 84, 1105
2, 84, 1096
2, 83, 1090
2, 81, 1081
2, 81, 1068
2, 187, 1846
2, 174, 1821
2, 117, 1801
2, 99, 1779
2, 133, 1754
2, 161, 1731
2, 158, 1713
2, 156, 1696
2, 155, 1681
2, 265, 2403
2, 188, 2372
2, 222, 2339
2, 227, 2314
2, 363, 2992
2, 275, 2960
2, 312, 2935
2, 312, 2894
2, 399, 3352
2, 376, 3302
2, 376, 3254
2, 368, 3224
2, 363, 3195
2, 350, 3154
2, 336, 3110
2, 342, 3076
2, 337, 3045
2, 331, 3008
2, 434, 3661
2, 447, 3613
2, 433, 3571
2, 429, 3537
2, 423, 3494
2, 411, 3443
2, 402, 3393
2, 393, 3346
2, 386, 3316
2, 380, 3280
2, 371, 3232
2, 320, 3204
2, 360, 3174
2, 351, 3135
2, 336, 3104
2, 298, 3079
2, 336, 3050
2, 286, 3024
2, 319, 2991
2, 322, 2966
2, 315, 2946
2, 316, 2922
2, 298, 2897
2, 307, 2877
2, 303, 2849
2, 297, 2813
2, 249, 2796
2, 246, 2776
2, 287, 2753
2, 283, 2733
2, 274, 2711
2, 276, 2695
2, 227, 2670
2, 271, 2653
2, 255, 2634
2, 260, 2615
2, 253, 2602
2, 257, 2591
2, 253, 2574
2, 252, 2562
2, 232, 2546
2, 246, 2529
2, 252, 2514
2, 247, 2500
2, 196, 2485
2, 207, 2477
2, 234, 2467
2, 206, 2450
2, 233, 2435
2, 240, 2427
2, 246, 2411
2, 249, 2397
2, 249, 2393
2, 247, 2381
2, 247, 2369
2, 239, 2351
2, 241, 2338
2, 245, 2336
2, 181, 2324
2, 214, 2313
2, 229, 2302
2, 237, 2293
2, 238, 2284
2, 237, 2276
2, 205, 2268
2, 174, 2258
2, 209, 2244
2, 219, 2235
2, 231, 2229
2, 230, 2220
2, 229, 2217
2, 228, 2208
2, 227, 2205
2, 226, 2197
2, 224, 2189
2, 219, 2185
2, 223, 2178
2, 223, 2172
2, 221, 2167
2, 221, 2159
2, 219, 2150
2, 158, 2146
2, 187, 2135
2, 210, 2129
2, 215, 2125
2, 215, 2120
2, 212, 2107
2, 189, 2099
2, 149, 2089
2, 184, 2084
2, 209, 2077
2, 172, 2071
2, 181, 2065
2, 205, 2059
2, 204, 2051
2, 204, 2046
2, 204, 2042
2, 202, 2038
2, 202, 2035
2, 202, 2029
2, 199, 2023
2, 201, 2019
2, 199, 2015
2, 141, 2004
2, 170, 1995
2, 196, 1991
2, 187, 1987
2, 129, 1981
2, 166, 1976
2, 187, 1969
2, 192, 1964
2, 191, 1961
2, 185, 1956
2, 190, 1947
2, 181, 1942
2, 131, 1939
2, 157, 1936
2, 183, 1934
2, 187, 1932
2, 187, 1929
2, 185, 1924
2, 186, 1918
2, 184, 1906
2, 182, 1900
2, 183, 1893
2, 181, 1886
2, 181, 1882
2, 180, 1873
2, 161, 1867
2, 177, 1859
2, 177, 1854
2, 176, 1851
2, 176, 1847
2, 176, 1843
2, 164, 1839
2, 175, 1836
2, 125, 1832
2, 151, 1830
2, 173, 1827
2, 171, 1823
2, 149, 1819
2, 171, 1813
2, 171, 1811
2, 170, 1803
2, 168, 1801
2, 169, 1800
2, 169, 1797
2, 169, 1794
2, 161, 1788
2, 153, 1782
2, 158, 1779
2, 166, 1775
2, 166, 1771
2, 165, 1767
2, 163, 1765
2, 122, 1762
2, 147, 1758
2, 162, 1758
2, 164, 1754
2, 163, 1751
2, 162, 1746
2, 141, 1743
2, 161, 1741
2, 161, 1734
2, 159, 1729
2, 113, 1725
2, 135, 1721
2, 158, 1718
2, 158, 1717
2, 158, 1714
2, 157, 1710
2, 157, 1706
2, 158, 1705
2, 156, 1703
2, 155, 1698
2, 155, 1698
2, 115, 1695
2, 135, 1691
2, 108, 1685
2, 126, 1684
2, 153, 1681
2, 153, 1679
2, 151, 1673
2, 150, 1668
2, 150, 1665
2, 150, 1659
2, 151, 1659
2, 149, 1657
2, 150, 1655
2, 149, 1649
2, 144, 1641
2, 103, 1639
2, 135, 1638
2, 148, 1633
2, 146, 1629
2, 146, 1624
2, 145, 1623
2, 144, 1621
2, 144, 1619
2, 145, 1617
2, 145, 1616
2, 144, 1613
2, 145, 1612
2, 144, 1612
2, 144, 1609
2, 144, 1609
2, 138, 1606
2, 143, 1604
2, 144, 1600
2, 141, 1598
2, 136, 1596
2, 135, 1596
2, 142, 1590
2, 141, 1590
2, 141, 1586
2, 141, 1585
2, 141, 1582
2, 140, 1579
2, 139, 1575
2, 139, 1573
2, 139, 1569
2, 108, 1567
2, 93, 1564
2, 116, 1563
2, 119, 1562
2, 138, 1560
2, 137, 1557
2, 137, 1557
2, 137, 1557
2, 137, 1555
2, 136, 1553
2, 135, 1551
2, 104, 1549
2, 130, 1548
2, 136, 1546
2, 136, 1542
2, 132, 1540
2, 135, 1536
2, 129, 1534
2, 101, 1533
2, 129, 1530
2, 133, 1527
2, 133, 1526
2, 133, 1524
2, 133, 1520
2, 101, 1519
2, 124, 1519
2, 132, 1518
2, 133, 1518
2, 90, 1518
2, 78, 1517
2, 105, 1517
2, 132, 1515
2, 131, 1513
2, 130, 1510
2, 131, 1505
2, 130, 1503
2, 125, 1501
2, 125, 1500
2, 130, 1498
2, 130, 1496
2, 129, 1494
2, 129, 1491
2, 128, 1489
2, 128, 1488
2, 128, 1486
2, 128, 1484
2, 128, 1481
2, 128, 1479
2, 127, 1474
2, 120, 1473
2, 122, 1473
2, 126, 1471
2, 116, 1469
2, 126, 1468
2, 126, 1464
2, 124, 1462
2, 125, 1462
2, 125, 1459
2, 125, 1459
2, 124, 1458
2, 125, 1455
2, 123, 1455
2, 124, 1453
2, 124, 1452
2, 123, 1451
2, 124, 1449
2, 124, 1446
2, 124, 1446
2, 118, 1446
2, 95, 1445
2, 122, 1444
2, 123, 1441
2, 122, 1440
2, 95, 1436
2, 117, 1435
2, 121, 1433
2, 98, 1433
2, 120, 1430
2, 121, 1424
2, 120, 1423
2, 120, 1420
2, 120, 1419
2, 120, 1418
2, 120, 1418
2, 119, 1415
2, 119, 1413
2, 118, 1412
2, 119, 1409
2, 119, 1409
2, 118, 1407
2, 93, 1405
2, 80, 1403
2, 97, 1400
2, 115, 1394
2, 117, 1393
2, 90, 1392
2, 116, 1392
2, 116, 1388
2, 115, 1387
2, 92, 1387
2, 110, 1386
2, 86, 1384
2, 114, 1382
2, 93, 1379
2, 91, 1379
2, 113, 1376
2, 115, 1372
2, 114, 1371
2, 94, 1370
2, 112, 1367
2, 113, 1367
2, 113, 1365
2, 113, 1364
2, 83, 1363
2, 67, 1360
2, 64, 1358
2, 70, 1356
2, 93, 1356
2, 111, 1352
2, 112, 1351
2, 112, 1349
2, 111, 1349
2, 111, 1348
2, 90, 1346
2, 109, 1344
2, 111, 1342
2, 110, 1340
2, 110, 1340
2, 111, 1339
2, 110, 1337
2, 109, 1336
2, 110, 1333
2, 109, 1332
2, 109, 1331
2, 110, 1331
2, 109, 1330
2, 109, 1329
2, 88, 1329
2, 76, 1327
2, 93, 1324
2, 108, 1322
2, 108, 1322
2, 109, 1321
2, 100, 1318
2, 107, 1316
2, 107, 1315
2, 107, 1314
2, 87, 1314
2, 107, 1313
2, 107, 1311
2, 107, 1310
2, 107, 1309
2, 107, 1309
2, 106, 1309
2, 105, 1308
2, 107, 1308
2, 103, 1305
2, 85, 1304
2, 105, 1299
2, 106, 1299
2, 105, 1298
2, 105, 1298
2, 87, 1297
2, 105, 1295
2, 105, 1292
2, 105, 1291
2, 104, 1289
2, 105, 1289
2, 104, 1288
2, 87, 1288
2, 104, 1288
2, 104, 1287
2, 104, 1284
2, 104, 1284
2, 104, 1283
2, 103, 1281
2, 104, 1281
2, 103, 1280
2, 98, 1277
2, 81, 1276
2, 103, 1275
2, 102, 1275
2, 103, 1274
2, 102, 1274
2, 103, 1274
2, 103, 1274
2, 103, 1271
2, 102, 1269
2, 82, 1268
2, 102, 1268
2, 103, 1266
2, 101, 1265
2, 102, 1263
2, 101, 1263
2, 102, 1263
2, 101, 1263
2, 98, 1262
2, 78, 1261
2, 101, 1260
2, 95, 1260
2, 101, 1257
2, 100, 1256
2, 101, 1254
2, 100, 1252
2, 100, 1252
2, 101, 1251
2, 99, 1250
2, 100, 1250
2, 81, 1247
2, 99, 1245
2, 99, 1243
2, 99, 1241
2, 99, 1237
2, 98, 1236
2, 98, 1235
2, 99, 1233
2, 98, 1232
2, 98, 1231
2, 98, 1229
2, 97, 1229
2, 82, 1228
2, 97, 1228
2, 97, 1227
2, 97, 1226
2, 97, 1226
2, 93, 1225
2, 95, 1224
2, 97, 1222
2, 80, 1221
2, 70, 1219
2, 90, 1219
2, 96, 1218
2, 96, 1217
2, 96, 1216
2, 97, 1216
2, 96, 1216
2, 96, 1215
2, 96, 1215
2, 96, 1212
2, 95, 1212
2, 95, 1211
2, 96, 1209
2, 95, 1208
2, 95, 1208
2, 96, 1207
2, 94, 1205
2, 95, 1203
2, 94, 1202
2, 76, 1200
2, 62, 1200
2, 58, 1200
2, 84, 1198
2, 93, 1196
2, 94, 1195
2, 94, 1192
2, 93, 1191
2, 93, 1189
2, 93, 1189
2, 94, 1187
2, 92, 1185
2, 93, 1185
2, 92, 1182
2, 71, 1179
2, 89, 1179
2, 92, 1178
2, 91, 1178
2, 90, 1177
2, 76, 1177
2, 69, 1177
2, 91, 1175
2, 91, 1174
2, 91, 1173
2, 74, 1171
2, 90, 1170
2, 66, 1169
2, 63, 1168
2, 79, 1167
2, 67, 1167
2, 64, 1167
2, 80, 1166
2, 71, 1165
2, 64, 1165
2, 62, 1165
2, 60, 1164
2, 59, 1164
2, 72, 1162
2, 89, 1161
2, 90, 1161
2, 78, 1160
2, 89, 1159
2, 90, 1158
2, 76, 1157
2, 68, 1156
2, 88, 1156
2, 87, 1156
2, 89, 1155
2, 76, 1154
2, 88, 1152
2, 90, 1149
2, 73, 1148
2, 67, 1147
2, 70, 1147
2, 63, 1147
2, 80, 1147
2, 88, 1144
2, 88, 1144
2, 88, 1144
2, 76, 1143
2, 68, 1141
2, 87, 1141
2, 84, 1140
2, 72, 1140
2, 79, 1139
2, 87, 1139
2, 88, 1138
2, 88, 1137
2, 76, 1137
2, 67, 1136
2, 86, 1136
2, 88, 1135
2, 87, 1135
2, 87, 1135
2, 75, 1134
2, 87, 1133
2, 87, 1131
2, 80, 1131
2, 80, 1128
2, 67, 1128
2, 86, 1127
2, 86, 1125
2, 87, 1125
2, 80, 1125
2, 86, 1125
2, 86, 1124
2, 86, 1123
2, 87, 1123
2, 86, 1123
2, 86, 1122
2, 86, 1122
2, 84, 1121
2, 72, 1120
2, 78, 1119
2, 85, 1119
2, 85, 1118
2, 86, 1117
2, 85, 1117
2, 86, 1115
2, 85, 1113
2, 85, 1111
2, 71, 1110
2, 84, 1106
2, 84, 1105
2, 84, 1105
2, 84, 1103
2, 83, 1103
2, 70, 1103
2, 83, 1102
2, 83, 1101
2, 84, 1099
2, 83, 1096
2, 70, 1095
2, 82, 1094
2, 83, 1094
2, 83, 1094
2, 83, 1094
2, 82, 1094
2, 83, 1093
2, 83, 1093
2, 82, 1093
2, 83, 1093
2, 68, 1093
2, 83, 1092
2, 68, 1090
2, 81, 1089
2, 82, 1088
2, 82, 1086
2, 82, 1085
2, 82, 1083
2, 82, 1083
2, 82, 1083
2, 68, 1082
2, 80, 1080
2, 81, 1079
2, 82, 1078
2, 81, 1078
2, 79, 1078
2, 69, 1076
2, 60, 1075
2, 80, 1074
2, 81, 1074
2, 80, 1073
2, 81, 1073
2, 78, 1072
2, 67, 1072
2, 80, 1072
2, 81, 1070
2, 80, 1070
2, 80, 1070
2, 80, 1069
2, 78, 1066
2, 68, 1065
2, 80, 1064
2, 80, 1064
2, 80, 1063
2, 79, 1062
2, 68, 1062
2, 61, 1060
2, 57, 1060
2, 70, 1059
2, 79, 1059
2, 79, 1058
2, 66, 1057
2, 60, 1056
2, 76, 1054
2, 67, 1054
2, 78, 1054
2, 68, 1054
2, 78, 1051
2, 79, 1050
2, 78, 1048
2, 68, 1048
2, 60, 1048
2, 77, 1047
2, 67, 1045
2, 78, 1045
2, 65, 1044
2, 59, 1043
2, 76, 1043
2, 77, 1042
2, 68, 1042
2, 59, 1040
2, 76, 1040
2, 77, 1039
2, 64, 1038
2, 60, 1038
2, 76, 1038
2, 77, 1037
2, 67, 1037
2, 76, 1037
2, 71, 1034
2, 56, 1034
2, 53, 1033
2, 73, 1033
2, 77, 1033
2, 60, 1033
2, 50, 1031
2, 51, 1031
2, 52, 1030
2, 65, 1028
2, 75, 1027
2, 76, 1026
2, 77, 1026
2, 64, 1025
2, 59, 1025
2, 74, 1023
2, 66, 1022
2, 50, 1021
2, 43, 1020
2, 45, 1020
2, 50, 1018
2, 63, 1018
2, 58, 1018
2, 53, 1018
2, 51, 1017
2, 63, 1016
2, 74, 1016
2, 63, 1014
2, 59, 1014
2, 73, 1014
2, 72, 1013
2, 62, 1011
2, 74, 1011
2, 74, 1009
2, 74, 1009
2, 65, 1008
2, 58, 1007
2, 73, 1004
2, 73, 1002
2, 74, 1001
2, 73, 999
2, 64, 999
2, 58, 999
2, 73, 998
2, 71, 997
2, 61, 997
2, 58, 995
2, 72, 995
2, 73, 992
2, 73, 992
2, 69, 990
2, 61, 990
2, 71, 990
2, 70, 987
2, 70, 985
2, 72, 985
2, 72, 985
2, 70, 984
2, 71, 983
2, 63, 983
2, 70, 981
2, 72, 980
2, 72, 978
2, 70, 977
2, 71, 977
2, 71, 977
2, 71, 977
2, 72, 977
2, 66, 976
2, 58, 973
2, 68, 973
2, 70, 972
2, 70, 972
2, 70, 972
2, 70, 971
2, 70, 971
2, 61, 970
2, 69, 970
2, 70, 969
2, 70, 967
2, 70, 963
2, 70, 962
2, 70, 962
2, 69, 960
2, 70, 959
2, 67, 958
2, 68, 958
2, 69, 957
2, 69, 956
2, 69, 956
2, 70, 955
2, 68, 955
2, 69, 955
2, 68, 955
2, 68, 954
2, 69, 953
2, 69, 953
2, 69, 952
2, 68, 952
2, 69, 950
2, 68, 948
2, 68, 948
2, 69, 948
2, 67, 947
2, 68, 947
2, 67, 943
2, 68, 943
2, 68, 941
2, 60, 941
2, 66, 940
2, 68, 940
2, 67, 940
2, 68, 939
2, 67, 939
2, 60, 938
2, 53, 936
2, 51, 936
2, 67, 935
2, 67, 934
2, 67, 933
2, 66, 930
2, 60, 930
2, 66, 930
2, 66, 930
2, 60, 930
2, 66, 930
2, 57, 927
2, 66, 927
2, 58, 926
2, 66, 926
2, 64, 926
2, 57, 926
2, 66, 923
2, 59, 923
2, 65, 921
2, 58, 919
2, 65, 918
2, 59, 918
2, 64, 917
2, 58, 917
2, 65, 915
2, 58, 914
2, 64, 914
2, 58, 913
2, 65, 911
2, 65, 911
2, 56, 910
2, 52, 910
2, 47, 907
2, 63, 906
2, 65, 905
2, 64, 905
2, 57, 901
2, 53, 901
2, 48, 898
2, 63, 898
2, 57, 896
2, 63, 895
2, 56, 894
2, 57, 893
2, 52, 891
2, 48, 890
2, 62, 888
2, 56, 888
2, 48, 888
2, 43, 888
2, 40, 888
2, 37, 888
2, 34, 886
2, 32, 885
2, 31, 884
2, 36, 884
2, 37, 884
2, 35, 882
2, 34, 882
2, 34, 882
2, 38, 881
2, 40, 881
2, 38, 878
2, 36, 877
2, 35, 877
2, 32, 877
2, 39, 877
2, 39, 877
2, 38, 877
2, 36, 877
2, 35, 876
2, 34, 876
2, 38, 874
2, 40, 873
2, 37, 873
2, 35, 872
2, 34, 872
2, 39, 871
2, 39, 870
2, 37, 868
2, 36, 866
2, 34, 865
2, 33, 865
2, 31, 862
2, 31, 860
2, 35, 860
2, 39, 859
2, 35, 856
2, 35, 856
2, 33, 854
2, 31, 853
2, 37, 853
2, 39, 850
2, 36, 849
2, 35, 847
2, 33, 847
2, 32, 847
2, 37, 847
2, 38, 846
2, 37, 846
2, 34, 845
2, 33, 844
2, 32, 843
2, 30, 842
2, 31, 841
2, 29, 841
2, 29, 841
2, 28, 841
2, 28, 839
2, 28, 839
2, 27, 836
2, 27, 835
2, 27, 833
2, 26, 832
2, 27, 832
2, 27, 832
2, 27, 832
2, 27, 831
2, 26, 831
2, 27, 830
2, 27, 829
2, 26, 825
2, 27, 825
2, 26, 823
2, 26, 823
2, 27, 823
2, 26, 823
2, 26, 822
2, 27, 821
2, 26, 818
2, 26, 818
2, 26, 818
2, 26, 815
2, 26, 813
2, 26, 813
2, 26, 813
2, 26, 811
2, 26, 811
2, 26, 810
2, 25, 810
2, 26, 809
2, 26, 809
2, 25, 807
2, 26, 806
2, 26, 805
2, 25, 802
2, 26, 801
2, 25, 801
2, 26, 799
2, 25, 799
2, 25, 798
2, 30, 797
2, 30, 797
2, 29, 796
2, 29, 795
2, 28, 795
2, 28, 795
2, 27, 795
2, 27, 793
2, 26, 793
2, 26, 793
2, 25, 792
2, 25, 791
2, 25, 791
2, 25, 791
2, 25, 791
2, 25, 791
2, 25, 790
2, 25, 788
2, 25, 788
2, 25, 787
2, 25, 786
2, 24, 785
2, 24, 783
2, 25, 782
2, 24, 780
2, 25, 780
2, 24, 780
2, 25, 780
2, 24, 780
2, 25, 780
2, 24, 779
2, 25, 779
2, 24, 779
2, 24, 779
2, 24, 779
2, 24, 778
2, 25, 778
2, 24, 778
2, 25, 778
2, 24, 776
2, 25, 775
2, 24, 775
2, 24, 775
2, 25, 775
2, 24, 775
2, 25, 775
2, 25, 775
2, 24, 774
2, 25, 774
2, 24, 773
2, 25, 772
2, 24, 772
2, 24, 771
2, 24, 770
2, 24, 769
2, 24, 769
2, 24, 767
2, 24, 766
2, 24, 766
2, 24, 766
2, 24, 765
2, 24, 765
2, 24, 765
2, 24, 765
2, 24, 765
2, 24, 765
2, 24, 763
2, 23, 763
2, 24, 763
2, 24, 763
2, 24, 762
2, 23, 762
2, 24, 762
2, 24, 761
2, 24, 758
2, 23, 758
2, 24, 758
2, 23, 758
2, 24, 758
2, 24, 758
2, 23, 758
2, 24, 756
2, 23, 755
2, 24, 755
2, 23, 755
2, 24, 754
2, 23, 754
2, 24, 754
2, 23, 753
2, 24, 753
2, 23, 752
2, 23, 751
2, 24, 751
2, 23, 749
2, 24, 747
2, 23, 747
2, 23, 747
2, 23, 745
2, 24, 745
2, 23, 743
2, 23, 743
2, 23, 741
2, 23, 741
2, 23, 740
2, 23, 739
2, 22, 739
2, 24, 739
2, 22, 738
2, 23, 738
2, 23, 737
2, 23, 736
2, 23, 736
2, 23, 736
2, 22, 736
2, 23, 736
2, 23, 735
2, 23, 734
2, 22, 734
2, 23, 733
2, 23, 732
2, 22, 731
2, 23, 730
2, 22, 730
2, 23, 730
2, 22, 730
2, 23, 729
2, 22, 729
2, 23, 729
2, 22, 729
2, 23, 728
2, 22, 728
2, 23, 728
2, 22, 728
2, 23, 728
2, 22, 727
2, 22, 727
2, 23, 727
2, 22, 726
2, 23, 724
2, 22, 724
2, 22, 724
2, 22, 724
2, 23, 723
2, 22, 723
2, 22, 723
2, 23, 723
2, 22, 723
2, 22, 722
2, 23, 722
2, 22, 722
2, 22, 722
2, 22, 722
2, 22, 722
2, 22, 722
2, 22, 722
2, 22, 722
2, 23, 722
2, 22, 721
2, 22, 721
2, 22, 721
2, 23, 721
2, 22, 721
2, 22, 721
2, 23, 720
2, 22, 719
2, 22, 719
2, 22, 719
2, 22, 719
2, 22, 719
2, 57, 1219
2, 73, 1202
2, 93, 1191
2, 93, 1181
2, 76, 1165
2, 89, 1149
2, 200, 1948
2, 188, 1917
2, 184, 1893
2, 180, 1869
2, 176, 1840
2, 173, 1819
2, 170, 1793
2, 113, 1778
2, 97, 1756
2, 132, 1733
2, 159, 1716
2, 155, 1703
2, 156, 1684
2, 152, 1666
2, 240, 2243
2, 232, 2221
2, 222, 2192
2, 215, 2175
2, 220, 2156
2, 218, 2133
2, 215, 2114
2, 197, 2090
2, 148, 2077
2, 182, 2057
2, 198, 2041
2, 202, 2026
2, 200, 2013
2, 197, 1998
2, 195, 1979
2, 138, 1968
2, 259, 2520
2, 244, 2498
2, 202, 2474
2, 237, 2454
2, 238, 2423
2, 234, 2405
2, 393, 3172
2, 349, 3134
2, 346, 3098
2, 342, 3075
2, 334, 3044
2, 318, 3003
2, 323, 2970
2, 312, 2938
2, 269, 2904
2, 307, 2871
2, 303, 2846
2, 253, 2817
2, 283, 2792
2, 290, 2771
2, 241, 2751
2, 285, 2732
2, 281, 2713
2, 234, 2684
2, 273, 2665
2, 271, 2653
2, 231, 2637
2, 260, 2607
2, 262, 2589
2, 215, 2578
2, 243, 2567
2, 250, 2547
2, 208, 2536
2, 246, 2521
2, 240, 2498
2, 241, 2489
2, 203, 2469
2, 236, 2451
2, 243, 2433
2, 247, 2425
2, 192, 2414
2, 218, 2403
2, 229, 2393
2, 236, 2380
2, 236, 2367
2, 181, 2358
2, 221, 2343
2, 234, 2329
2, 238, 2318
2, 242, 2310
2, 240, 2300
2, 175, 2287
2, 211, 2275
2, 224, 2266
2, 221, 2253
2, 211, 2244
2, 209, 2236
2, 208, 2223
2, 150, 2211
2, 144, 2204
2, 190, 2195
2, 193, 2186
2, 139, 2174
2, 148, 2166
2, 190, 2158
2, 213, 2146
2, 217, 2139
2, 178, 2129
2, 169, 2123
2, 198, 2115
2, 213, 2111
2, 197, 2099
2, 161, 2094
2, 152, 2089
2, 183, 2080
2, 202, 2072
2, 206, 2062
2, 135, 2051
2, 125, 2039
2, 168, 2031
2, 201, 2021
2, 177, 2011
2, 138, 2005
2, 159, 1998
2, 137, 1988
2, 135, 1985
2, 165, 1979
2, 188, 1972
2, 191, 1968
2, 191, 1963
2, 125, 1957
2, 140, 1949
2, 172, 1947
2, 166, 1941
2, 187, 1936
2, 187, 1929
2, 186, 1923
2, 185, 1914
2, 184, 1909
2, 184, 1904
2, 182, 1896
2, 181, 1885
2, 181, 1879
2, 180, 1879
2, 180, 1872
2, 179, 1864
2, 170, 1860
2, 125, 1850
2, 157, 1846
2, 159, 1839
2, 173, 1830
2, 173, 1827
2, 173, 1821
2, 171, 1817
2, 119, 1810
2, 133, 1803
2, 106, 1794
2, 143, 1789
2, 166, 1787
2, 167, 1783
2, 164, 1778
2, 120, 1771
2, 151, 1769
2, 165, 1760
2, 115, 1755
2, 109, 1752
2, 137, 1750
2, 162, 1747
2, 145, 1745
2, 161, 1741
2, 121, 1737
2, 147, 1730
2, 114, 1724
2, 134, 1719
2, 157, 1711
2, 145, 1708
2, 156, 1704
2, 156, 1698
2, 142, 1692
2, 149, 1688
2, 154, 1685
2, 116, 1682
2, 132, 1679
2, 133, 1675
2, 152, 1671
2, 151, 1664
2, 138, 1664
2, 150, 1660
2, 151, 1658
2, 150, 1653
2, 148, 1651
2, 149, 1648
2, 149, 1645
2, 111, 1644
2, 131, 1639
2, 147, 1635
2, 119, 1632
2, 143, 1627
2, 145, 1623
2, 146, 1620
2, 145, 1617
2, 145, 1611
2, 143, 1603
2, 117, 1601
2, 96, 1598
2, 93, 1593
2, 118, 1587
2, 141, 1582
2, 140, 1579
2, 139, 1574
2, 104, 1567
2, 116, 1563
2, 137, 1558
2, 137, 1554
2, 106, 1552
2, 136, 1551
2, 135, 1543
2, 135, 1540
2, 134, 1534
2, 135, 1530
2, 127, 1528
2, 98, 1524
2, 132, 1519
2, 107, 1517
2, 131, 1513
2, 131, 1509
2, 130, 1504
2, 131, 1503
2, 130, 1502
2, 129, 1497
2, 130, 1492
2, 128, 1492
2, 130, 1490
2, 128, 1486
2, 128, 1483
2, 127, 1481
2, 127, 1480
2, 127, 1480
2, 127, 1478
2, 127, 1477
2, 98, 1475
2, 122, 1474
2, 126, 1472
2, 126, 1467
2, 126, 1465
2, 122, 1461
2, 96, 1458
2, 124, 1457
2, 124, 1456
2, 125, 1455
2, 123, 1453
2, 108, 1451
2, 87, 1449
2, 118, 1445
2, 124, 1443
2, 122, 1440
2, 123, 1435
2, 93, 1431
2, 120, 1430
2, 120, 1428
2, 98, 1423
2, 119, 1419
2, 120, 1419
2, 120, 1416
2, 119, 1413
2, 119, 1412
2, 119, 1410
2, 119, 1409
2, 118, 1407
2, 92, 1406
2, 81, 1406
2, 97, 1401
2, 117, 1400
2, 117, 1398
2, 118, 1394
2, 90, 1392
2, 116, 1389
2, 117, 1387
2, 88, 1385
2, 110, 1383
2, 116, 1381
2, 115, 1381
2, 115, 1380
2, 110, 1379
2, 112, 1377
2, 115, 1375
2, 115, 1371
2, 91, 1369
2, 113, 1368
2, 114, 1365
2, 113, 1362
2, 113, 1362
2, 113, 1359
2, 88, 1354
2, 110, 1350
2, 112, 1347
2, 111, 1347
2, 111, 1341
2, 110, 1338
2, 110, 1334
2, 110, 1333
2, 109, 1329
2, 109, 1327
2, 108, 1325
2, 109, 1324
2, 108, 1323
2, 108, 1323
2, 109, 1321
2, 108, 1319
2, 107, 1314
2, 107, 1309
2, 107, 1303
2, 106, 1301
2, 105, 1299
2, 106, 1299
2, 105, 1295
2, 104, 1295
2, 104, 1294
2, 85, 1290
2, 104, 1290
2, 105, 1286
2, 102, 1285
2, 104, 1284
2, 103, 1284
2, 104, 1283
2, 104, 1283
2, 84, 1279
2, 102, 1276
2, 103, 1272
2, 102, 1272
2, 102, 1267
2, 84, 1265
2, 102, 1265
2, 101, 1265
2, 102, 1263
2, 101, 1262
2, 101, 1261
2, 101, 1260
2, 101, 1260
2, 83, 1257
2, 100, 1254
2, 100, 1253
2, 101, 1251
2, 96, 1249
2, 96, 1247
2, 81, 1244
2, 99, 1243
2, 99, 1241
2, 99, 1239
2, 99, 1238
2, 98, 1237
2, 98, 1234
2, 92, 1232
2, 98, 1231
2, 96, 1229
2, 96, 1228
2, 98, 1226
2, 97, 1224
2, 97, 1223
2, 96, 1220
2, 96, 1217
2, 96, 1216
2, 96, 1215
2, 92, 1215
2, 76, 1215
2, 95, 1215
2, 79, 1214
2, 72, 1213
2, 64, 1212
2, 63, 1211
2, 72, 1209
2, 67, 1205
2, 94, 1203
2, 95, 1201
2, 94, 1198
2, 76, 1197
2, 90, 1196
2, 77, 1196
2, 72, 1195
2, 93, 1194
2, 94, 1192
2, 77, 1191
2, 93, 1191
2, 93, 1191
2, 93, 1189
2, 93, 1188
2, 93, 1186
2, 94, 1186
2, 92, 1181
2, 92, 1180
2, 91, 1178
2, 92, 1176
2, 92, 1175
2, 91, 1173
2, 76, 1171
2, 68, 1169
2, 89, 1168
2, 91, 1165
2, 69, 1164
2, 65, 1163
2, 86, 1161
2, 90, 1160
2, 89, 1157
2, 75, 1157
2, 89, 1155
2, 89, 1155
2, 87, 1154
2, 88, 1151
2, 89, 1150
2, 89, 1150
2, 90, 1149
2, 68, 1149
2, 83, 1147
2, 89, 1146
2, 71, 1143
2, 64, 1141
2, 87, 1139
2, 87, 1139
2, 88, 1137
2, 88, 1137
2, 84, 1136
2, 87, 1135
2, 76, 1133
2, 64, 1130
2, 60, 1128
2, 81, 1128
2, 81, 1126
2, 86, 1125
2, 86, 1123
2, 86, 1122
2, 86, 1122
2, 86, 1120
2, 86, 1120
2, 85, 1117
2, 86, 1117
2, 85, 1115
2, 81, 1115
2, 83, 1115
2, 72, 1112
2, 85, 1112
2, 81, 1110
2, 82, 1108
2, 84, 1106
2, 85, 1105
2, 84, 1105
2, 84, 1105
2, 84, 1104
2, 84, 1103
2, 83, 1102
2, 84, 1100
2, 69, 1100
2, 83, 1098
2, 83, 1096
2, 83, 1095
2, 78, 1094
2, 83, 1094
2, 80, 1094
2, 60, 1092
2, 51, 1090
2, 52, 1090
2, 75, 1090
2, 67, 1089
2, 81, 1089
2, 70, 1084
2, 59, 1082
2, 54, 1080
2, 69, 1079
2, 78, 1078
2, 68, 1077
2, 81, 1076
2, 81, 1074
2, 80, 1074
2, 81, 1072
2, 77, 1069
2, 67, 1067
2, 80, 1065
2, 79, 1064
2, 80, 1064
2, 80, 1061
2, 80, 1059
2, 79, 1058
2, 79, 1058
2, 69, 1057
2, 78, 1056
2, 68, 1055
2, 79, 1053
2, 78, 1052
2, 68, 1052
2, 78, 1049
2, 79, 1048
2, 78, 1045
2, 61, 1044
2, 58, 1043
2, 76, 1040
2, 66, 1039
2, 59, 1038
2, 77, 1037
2, 67, 1037
2, 76, 1035
2, 67, 1034
2, 59, 1034
2, 75, 1033
2, 77, 1032
2, 66, 1030
2, 75, 1027
2, 66, 1026
2, 60, 1026
2, 76, 1025
2, 65, 1025
2, 75, 1022
2, 75, 1020
2, 66, 1019
2, 59, 1019
2, 75, 1019
2, 62, 1018
2, 57, 1017
2, 74, 1016
2, 75, 1015
2, 75, 1014
2, 64, 1014
2, 72, 1012
2, 74, 1011
2, 75, 1011
2, 75, 1010
2, 64, 1010
2, 59, 1009
2, 73, 1008
2, 74, 1006
2, 74, 1005
2, 64, 1004
2, 58, 1004
2, 74, 1002
2, 63, 999
2, 51, 999
2, 51, 999
2, 52, 998
2, 49, 998
2, 48, 996
2, 59, 996
2, 72, 995
2, 73, 993
2, 72, 993
2, 73, 993
2, 69, 990
2, 62, 988
2, 72, 986
2, 72, 984
2, 72, 984
2, 71, 984
2, 72, 982
2, 72, 980
2, 71, 978
2, 60, 975
2, 68, 975
2, 61, 974
2, 57, 973
2, 70, 970
2, 71, 970
2, 68, 970
2, 68, 969
2, 61, 968
2, 57, 968
2, 52, 968
2, 47, 967
2, 62, 964
2, 69, 962
2, 69, 960
2, 59, 960
2, 54, 960
2, 51, 957
2, 48, 957
2, 62, 955
2, 68, 953
2, 69, 952
2, 69, 952
2, 68, 951
2, 69, 951
2, 68, 951
2, 69, 951
2, 68, 950
2, 68, 949
2, 69, 947
2, 68, 947
2, 68, 946
2, 66, 946
2, 58, 944
2, 67, 942
2, 68, 942
2, 67, 939
2, 67, 939
2, 67, 935
2, 67, 935
2, 59, 933
2, 67, 932
2, 57, 932
2, 66, 931
2, 58, 931
2, 60, 928
2, 54, 925
2, 48, 925
2, 48, 925
2, 63, 924
2, 58, 924
2, 65, 924
2, 59, 922
2, 65, 922
2, 59, 922
2, 65, 921
2, 54, 918
2, 51, 918
2, 51, 917
2, 48, 917
2, 38, 917
2, 33, 915
2, 35, 915
2, 36, 914
2, 41, 913
2, 43, 908
2, 52, 908
2, 48, 906
2, 48, 904
2, 46, 903
2, 61, 901
2, 64, 900
2, 52, 900
2, 51, 900
2, 49, 900
2, 64, 900
2, 56, 899
2, 51, 899
2, 48, 897
2, 45, 896
2, 53, 895
2, 50, 894
2, 48, 893
2, 62, 892
2, 56, 890
2, 48, 890
2, 47, 888
2, 62, 888
2, 56, 888
2, 62, 887
2, 62, 887
2, 56, 885
2, 62, 885
2, 62, 884
2, 56, 884
2, 61, 884
2, 62, 883
2, 57, 883
2, 51, 881
2, 48, 881
2, 47, 880
2, 61, 879
2, 60, 879
2, 55, 879
2, 62, 879
2, 54, 878
2, 59, 878
2, 54, 878
2, 51, 878
2, 48, 878
2, 62, 877
2, 55, 876
2, 48, 875
2, 47, 874
2, 60, 873
2, 62, 873
2, 55, 873
2, 50, 871
2, 46, 871
2, 59, 871
2, 54, 870
2, 60, 869
2, 61, 869
2, 61, 869
2, 61, 868
2, 61, 868
2, 54, 867
2, 60, 867
2, 61, 867
2, 61, 867
2, 55, 867
2, 50, 866
2, 47, 865
2, 60, 864
2, 54, 864
2, 51, 863
2, 47, 862
2, 58, 862
2, 49, 860
2, 43, 857
2, 37, 856
2, 44, 855
2, 60, 855
2, 53, 853
2, 58, 853
2, 60, 852
2, 59, 852
2, 60, 851
2, 59, 850
2, 59, 849
2, 59, 848
2, 59, 847
2, 59, 846
2, 59, 845
2, 59, 845
2, 59, 845
2, 58, 844
2, 59, 842
2, 58, 842
2, 59, 841
2, 58, 841
2, 59, 840
2, 58, 840
2, 59, 839
2, 51, 837
2, 47, 837
2, 57, 836
2, 58, 836
2, 58, 836
2, 58, 834
2, 57, 834
2, 58, 833
2, 55, 831
2, 57, 830
2, 57, 830
2, 52, 830
2, 47, 829
2, 55, 828
2, 56, 826
2, 57, 826
2, 57, 826
2, 58, 826
2, 57, 826
2, 57, 826
2, 57, 824
2, 57, 823
2, 50, 823
2, 47, 823
2, 44, 823
2, 42, 823
2, 38, 823
2, 36, 823
2, 33, 821
2, 32, 821
2, 31, 820
2, 29, 819
2, 29, 819
2, 28, 818
2, 27, 816
2, 27, 814
2, 27, 814
2, 26, 814
2, 26, 813
2, 26, 813
2, 26, 813
2, 26, 812
2, 26, 812
2, 25, 811
2, 26, 809
2, 26, 809
2, 26, 808
2, 25, 805
2, 26, 804
2, 25, 804
2, 26, 801
2, 25, 801
2, 25, 801
2, 26, 801
2, 25, 801
2, 25, 801
2, 26, 800
2, 25, 800
2, 25, 800
2, 26, 796
2, 25, 795
2, 25, 793
2, 25, 792
2, 25, 789
2, 25, 789
2, 24, 789
2, 25, 788
2, 25, 786
2, 25, 785
2, 25, 784
2, 24, 784
2, 25, 782
2, 24, 781
2, 25, 780
2, 24, 778
2, 25, 778
2, 24, 778
2, 24, 776
2, 25, 773
2, 24, 771
2, 24, 771
2, 24, 769
2, 24, 765
2, 24, 763
2, 24, 763
2, 23, 763
2, 24, 761
2, 24, 761
2, 23, 761
2, 24, 760
2, 24, 760
2, 23, 760
2, 24, 760
2, 24, 760
2, 23, 759
2, 24, 759
2, 24, 758
2, 23, 755
2, 24, 753
2, 23, 751
2, 23, 750
2, 23, 750
2, 24, 750
2, 23, 749
2, 23, 748
2, 23, 748
2, 23, 748
2, 24, 747
2, 23, 746
2, 23, 744
2, 33, 743
2, 33, 743
2, 37, 740
2, 34, 740
2, 31, 740
2, 29, 740
2, 28, 739
2, 27, 739
2, 26, 739
2, 25, 739
2, 24, 738
2, 24, 738
2, 24, 737
2, 23, 736
2, 23, 735
2, 23, 735
2, 23, 735
2, 23, 735
2, 22, 735
2, 23, 735
2, 23, 735
2, 22, 734
2, 23, 734
2, 23, 734
2, 22, 733
2, 23, 732
2, 22, 732
2, 23, 731
2, 22, 730
2, 23, 730
2, 22, 728
2, 23, 728
2, 22, 727
2, 22, 726
2, 23, 726
2, 22, 725
2, 22, 725
2, 23, 725
2, 22, 724
2, 22, 724
2, 22, 724
2, 23, 720
2, 22, 720
2, 22, 720
2, 22, 720
2, 22, 720
2, 22, 718
2, 22, 717
2, 22, 716
2, 22, 716
2, 22, 715
2, 22, 715
2, 22, 712
2, 22, 711
2, 22, 711
2, 21, 711
2, 22, 711
2, 22, 709
2, 22, 708
2, 21, 707
2, 22, 706
2, 21, 706
2, 22, 706
2, 21, 705
2, 22, 704
2, 22, 704
2, 21, 704
2, 22, 704
2, 22, 704
2, 21, 704
2, 21, 704
2, 22, 704
2, 21, 702
2, 22, 701
2, 21, 701
2, 22, 701
2, 21, 701
2, 21, 701
2, 22, 699
2, 21, 699
2, 21, 697
2, 22, 697
2, 21, 697
2, 21, 697
2, 21, 696
2, 21, 696
2, 22, 695
2, 21, 694
2, 21, 694
2, 21, 693
2, 21, 693
2, 21, 692
2, 21, 691
2, 21, 689
2, 21, 688
2, 21, 688
2, 31, 688
2, 36, 687
2, 33, 686
2, 32, 686
2, 28, 686
2, 28, 686
2, 26, 686
2, 25, 686
2, 24, 685
2, 23, 683
2, 23, 682
2, 22, 682
2, 21, 682
2, 21, 680
2, 21, 680
2, 21, 679
2, 21, 678
2, 20, 675
2, 20, 675
2, 21, 674
2, 20, 673
2, 21, 673
2, 20, 673
2, 20, 672
2, 21, 672
2, 20, 672
2, 20, 671
2, 21, 670
2, 20, 668
2, 20, 668
2, 20, 668
2, 20, 668
2, 21, 668
2, 20, 668
2, 20, 667
2, 20, 667
2, 20, 666
2, 20, 664
2, 20, 664
2, 20, 662
2, 20, 660
2, 20, 660
2, 20, 660
2, 20, 659
2, 20, 658
2, 20, 658
2, 20, 658
2, 20, 657
2, 19, 657
2, 20, 657
2, 20, 657
2, 20, 657
2, 20, 657
2, 19, 657
2, 20, 656
2, 20, 655
2, 20, 655
2, 19, 654
2, 20, 654
2, 20, 654
2, 19, 654
2, 20, 653
2, 20, 651
2, 19, 648
2, 20, 646
2, 19, 644
2, 19, 643
2, 20, 643
2, 19, 642
2, 19, 641
2, 19, 641
2, 20, 641
2, 19, 641
2, 19, 641
2, 19, 640
2, 19, 640
2, 20, 639
2, 19, 639
2, 19, 638
2, 19, 638
2, 19, 635
2, 19, 634
2, 19, 634
2, 19, 634
2, 19, 633
2, 19, 633
2, 19, 633
2, 19, 630
2, 19, 629
2, 19, 628
2, 19, 627
2, 19, 626
2, 18, 626
2, 19, 626
2, 19, 626
2, 19, 625
2, 18, 624
2, 19, 623
2, 19, 623
2, 18, 623
2, 19, 621
2, 18, 620
2, 19, 620
2, 19, 619
2, 18, 619
2, 19, 619
2, 18, 618
2, 19, 617
2, 18, 616
2, 18, 616
2, 19, 616
2, 18, 616
2, 19, 614
2, 18, 614
2, 18, 614
2, 19, 614
2, 18, 612
2, 18, 612
2, 18, 611
2, 19, 611
2, 18, 611
2, 18, 611
2, 18, 611
2, 19, 611
2, 18, 611
2, 18, 611
2, 18, 611
2, 19, 611
2, 18, 611
2, 18, 609
2, 18, 608
2, 18, 608
2, 18, 607
2, 18, 606
2, 18, 606
2, 19, 605
2, 18, 605
2, 18, 605
2, 18, 605
2, 18, 605
2, 18, 605
2, 18, 604
2, 18, 602
2, 18, 602
2, 18, 602
2, 18, 599
2, 18, 599
2, 18, 599
2, 18, 599
2, 17, 599
2, 18, 598
2, 18, 598
2, 18, 598
2, 18, 598
2, 18, 598
2, 18, 597
2, 17, 596
2, 18, 596
2, 18, 596
2, 18, 596
2, 17, 596
2, 18, 596
2, 18, 596
2, 18, 596
2, 17, 594
2, 18, 594
2, 18, 594
2, 18, 594
2, 17, 594
2, 18, 593
2, 18, 593
2, 17, 592
2, 18, 591
2, 18, 591
2, 18, 591
2, 17, 591
2, 18, 591
2, 17, 591
2, 18, 591
2, 18, 591
2, 17, 591
2, 18, 591
2, 18, 591
2, 17, 591
2, 18, 590
2, 17, 589
2, 18, 589
2, 17, 589
2, 18, 589
2, 17, 589
2, 18, 589
2, 18, 589
2, 17, 589
2, 18, 589
2, 17, 589
2, 18, 588
2, 17, 588
2, 18, 587
2, 17, 587
2, 18, 587
2, 17, 587
2, 18, 587
2, 17, 587
2, 18, 587
2, 17, 587
2, 18, 587
2, 17, 586
2, 18, 586
2, 18, 586
2, 17, 586
2, 18, 585
2, 17, 585
2, 17, 584
2, 18, 584
2, 17, 584
2, 18, 584
2, 17, 584
2, 17, 583
2, 18, 583
2, 17, 583
2, 17, 583
2, 17, 582
2, 17, 582
2, 17, 582
2, 18, 580
2, 17, 580
2, 17, 579
2, 18, 578
2, 17, 578
2, 17, 578
2, 17, 578
2, 18, 578
2, 17, 577
2, 17, 575
2, 17, 575
2, 17, 575
2, 17, 575
2, 17, 575
2, 17, 575
2, 17, 575
2, 18, 574
2, 17, 573
2, 17, 573
2, 17, 573
2, 17, 573
2, 17, 573
2, 17, 573
2, 17, 572
2, 17, 571
2, 17, 569
2, 17, 568
2, 17, 568
2, 17, 568
2, 17, 568
2, 16, 567
2, 17, 567
2, 17, 567
2, 17, 567
2, 17, 566
2, 17, 566
2, 17, 566
2, 17, 566
2, 17, 566
2, 16, 566
2, 17, 566
2, 17, 566
2, 17, 565
2, 17, 565
2, 17, 565
2, 16, 565
2, 17, 565
2, 17, 565
2, 17, 565
2, 17, 565
2, 17, 564
2, 16, 563
2, 17, 563
2, 17, 563
2, 17, 560
2, 16, 560
2, 17, 560
2, 17, 559
2, 16, 558
2, 17, 558
2, 16, 557
2, 17, 557
2, 16, 555
2, 17, 554
2, 16, 554
2, 17, 554
2, 16, 554
2, 17, 554
2, 16, 553
2, 17, 553
2, 16, 552
2, 17, 552
2, 16, 552
2, 16, 552
2, 17, 552
2, 16, 551
2, 17, 551
2, 16, 550
2, 16, 550
2, 17, 550
2, 16, 549
2, 16, 549
2, 17, 549
2, 16, 549
2, 16, 549
2, 17, 548
2, 16, 548
2, 16, 548
2, 17, 547
2, 16, 547
2, 16, 546
2, 16, 545
2, 17, 545
2, 16, 545
2, 16, 545
2, 16, 545
2, 16, 545
2, 17, 545
2, 16, 545
2, 16, 545
2, 16, 545
2, 17, 545
2, 16, 545
2, 16, 543
2, 16, 543
2, 16, 543
2, 16, 543
2, 17, 543
2, 16, 543
2, 16, 543
2, 16, 543
2, 16, 543
2, 16, 542
2, 17, 542
2, 16, 542
2, 16, 541
2, 16, 541
2, 16, 540
2, 16, 540
2, 16, 540
2, 16, 540
2, 16, 540
2, 16, 540
2, 16, 540
2, 16, 540
2, 16, 540
2, 17, 540
2, 16, 540
2, 16, 539
2, 16, 539
2, 16, 539
2, 16, 539
2, 16, 539
2, 16, 539
2, 16, 539
2, 16, 539
2, 16, 539
2, 16, 538
2, 16, 537
2, 16, 537
2, 16, 537
2, 16, 537
2, 16, 537
2, 16, 537
2, 16, 537
2, 16, 536
2, 16, 536
2, 16, 536
2, 16, 536
2, 16, 536
2, 16, 535
2, 16, 534
2, 15, 533
2, 16, 533
2, 16, 532
2, 16, 532
2, 16, 532
2, 16, 532
2, 15, 532
2, 15, 531
2, 16, 531
2, 16, 531
2, 16, 531
2, 16, 531
2, 15, 531
2, 16, 531
2, 16, 531
2, 16, 530
2, 16, 530
2, 15, 530
2, 16, 530
2, 16, 529
2, 16, 529
2, 15, 529
2, 16, 529
2, 16, 528
2, 16, 528
2, 15, 528
2, 16, 528
2, 16, 528
2, 15, 528
2, 16, 528
2, 16, 528
2, 16, 528
2, 15, 527
2, 16, 527
2, 16, 526
2, 15, 526
2, 16, 525
2, 16, 524
2, 15, 524
2, 16, 524
2, 15, 524
2, 16, 524
2, 16, 524
2, 15, 524
2, 16, 524
2, 16, 524
2, 15, 524
2, 16, 524
2, 15, 524
2, 16, 524
2, 16, 524
2, 15, 524
2, 16, 524
2, 15, 524
2, 16, 524
2, 16, 524
2, 15, 524
2, 16, 524
2, 16, 524
2, 15, 524
2, 16, 524
2, 16, 524
2, 15, 524
2, 16, 524
2, 16, 523
2, 15, 523
2, 16, 523
2, 15, 523
2, 15, 523
2, 16, 523
2, 16, 523
2, 16, 523
2, 15, 523
2, 16, 522
2, 15, 522
2, 16, 522
2, 16, 522
2, 15, 522
2, 16, 522
2, 16, 522
2, 15, 522
2, 16, 522
2, 15, 522
2, 16, 522
2, 15, 522
2, 15, 522
2, 16, 522
2, 15, 522
2, 16, 522
2, 15, 522
2, 16, 522
2, 16, 522
2, 15, 522
2, 16, 522
2, 15, 522
2, 16, 522
2, 26, 522
2, 25, 522
2, 23, 522
2, 22, 522
2, 21, 522
2, 20, 520
2, 19, 520
2, 18, 520
2, 18, 520
2, 18, 520
2, 18, 520
2, 17, 520
2, 16, 519
2, 17, 519
2, 16, 519
2, 15, 519
2, 16, 519
2, 15, 519
2, 16, 519
2, 15, 519
2, 16, 518
2, 15, 518
2, 16, 518
2, 15, 518
2, 16, 518
2, 15, 518
2, 15, 518
2, 16, 518
2, 15, 518
2, 16, 518
2, 16, 518
2, 15, 518
2, 15, 517
2, 16, 516
2, 15, 516
2, 16, 516
2, 15, 516
2, 15, 516
2, 16, 515
2, 15, 515
2, 16, 515
2, 15, 515
2, 16, 515
2, 15, 513
2, 15, 513
2, 16, 513
2, 15, 513
2, 15, 513
2, 16, 513
2, 15, 513
2, 15, 513
2, 16, 513
2, 15, 513
2, 16, 513
2, 15, 513
2, 16, 513
2, 15, 513
2, 15, 513
2, 16, 513
2, 15, 513
2, 15, 512
2, 16, 512
2, 15, 512
2, 15, 512
2, 16, 512
2, 15, 512
2, 15, 512
2, 16, 512
2, 15, 512
2, 15, 512
2, 16, 512
2, 15, 512
2, 15, 512
2, 16, 512
2, 15, 512
2, 15, 512
2, 16, 512
2, 15, 512
2, 15, 512
2, 16, 512
2, 15, 512
2, 15, 512
2, 16, 512
2, 15, 512
2, 15, 512
2, 16, 512
2, 15, 512
2, 15, 512
2, 16, 512
2, 15, 512
2, 15, 512
2, 16, 510
2, 15, 510
2, 15, 510
2, 15, 510
2, 16, 510
2, 15, 510
2, 15, 510
2, 15, 510
2, 16, 510
2, 15, 510
2, 15, 510
2, 15, 510
2, 15, 509
2, 16, 508
2, 15, 508
2, 15, 508
2, 15, 508
2, 15, 508
2, 15, 507
2, 15, 507
2, 15, 507
2, 15, 507
2, 15, 507
2, 16, 507
2, 15, 507
2, 15, 507
2, 15, 507
2, 15, 507
2, 15, 506
2, 16, 506
2, 15, 506
2, 15, 506
2, 15, 506
2, 15, 506
2, 15, 506
2, 15, 506
2, 15, 506
2, 15, 506
2, 16, 505
2, 15, 505
2, 15, 505
2, 15, 505
2, 15, 504
2, 15, 503
2, 15, 503
2, 15, 503
2, 15, 503
2, 15, 503
2, 15, 503
2, 15, 503
2, 15, 503
2, 15, 503
2, 15, 503
2, 15, 503
2, 15, 503
2, 16, 503
2, 15, 502
2, 15, 502
2, 15, 502
2, 15, 502
2, 15, 502
2, 15, 502
2, 15, 502
2, 15, 502
2, 15, 502
2, 15, 502
2, 15, 502
2, 15, 501
2, 15, 501
2, 15, 501
2, 15, 501
2, 15, 501
2, 15, 501
2, 15, 501
2, 15, 501
2, 15, 501
2, 15, 501
2, 15, 501
2, 15, 501
2, 15, 501
2, 15, 501
2, 15, 501
2, 16, 501
2, 15, 501
2, 15, 501
2, 15, 501
2, 15, 501
2, 15, 500
2, 15, 500
2, 15, 500
2, 15, 500
2, 15, 500
2, 15, 500
2, 15, 500
2, 15, 500
2, 15, 500
2, 15, 500
2, 15, 500
2, 14, 500
2, 14, 500
2, 15, 500
2, 15, 500
2, 15, 500
2, 15, 500
2, 15, 500
2, 15, 500
2, 15, 500
2, 15, 500
2, 15, 500
2, 15, 500
2, 15, 500
2, 15, 500
2, 15, 500
2, 15, 499
2, 15, 499
2, 15, 499
2, 15, 499
2, 15, 499
2, 15, 499
2, 15, 499
2, 15, 499
2, 14, 499
2, 15, 499
2, 15, 499
2, 15, 499
2, 15, 498
2, 15, 498
2, 15, 498
2, 15, 498
2, 15, 497
2, 15, 497
2, 15, 497
2, 15, 497
2, 14, 497
2, 15, 497
2, 15, 497
2, 15, 497
2, 15, 497
2, 15, 497
2, 15, 497
2, 15, 497
2, 15, 497
2, 15, 497
2, 14, 497
2, 15, 497
2, 15, 497
2, 15, 497
2, 15, 497
2, 15, 497
2, 15, 496
2, 15, 496
2, 15, 496
2, 14, 496
2, 15, 496
2, 15, 496
2, 15, 496
2, 15, 496
2, 15, 496
2, 15, 496
2, 15, 496
2, 15, 496
2, 15, 496
2, 15, 496
2, 14, 496
2, 15, 495
2, 15, 495
2, 15, 495
2, 15, 495
2, 14, 495
2, 15, 494
2, 15, 494
2, 15, 494
2, 15, 494
2, 15, 494
2, 14, 494
2, 15, 494
2, 15, 494
2, 15, 494
2, 15, 494
2, 15, 494
2, 14, 494
2, 15, 494
2, 15, 494
2, 15, 494
2, 15, 494
2, 15, 494
2, 14, 494
2, 15, 493
2, 15, 493
2, 15, 493
2, 15, 493
2, 14, 493
2, 15, 493
2, 15, 493
2, 15, 493
2, 14, 493
2, 15, 493
2, 15, 493
2, 15, 493
2, 15, 493
2, 14, 493
2, 15, 493
2, 15, 493
2, 15, 493
2, 15, 493
2, 15, 493
2, 14, 493
2, 16, 493
2, 14, 493
2, 15, 493
2, 15, 492
2, 15, 492
2, 15, 492
2, 14, 492
2, 15, 492
2, 15, 492
2, 15, 492
2, 14, 492
2, 15, 492
2, 15, 492
2, 15, 492
2, 14, 492
2, 15, 492
2, 15, 492
2, 15, 492
2, 14, 492
2, 15, 492
2, 15, 492
2, 15, 492
2, 14, 492
2, 15, 492
2, 15, 492
2, 15, 492
2, 14, 492
2, 15, 492
2, 15, 492
2, 15, 492
2, 14, 492
2, 15, 492
2, 15, 492
2, 15, 492
2, 14, 492
2, 15, 492
2, 15, 492
2, 15, 492
2, 14, 492
2, 15, 492
2, 15, 492
2, 15, 491
2, 14, 491
2, 15, 491
2, 15, 491
2, 15, 491
2, 14, 491
2, 15, 490
2, 15, 490
2, 14, 490
2, 15, 490
2, 15, 490
2, 14, 490
2, 15, 490
2, 15, 489
2, 15, 489
2, 14, 489
2, 15, 488
2, 14, 488
2, 15, 488
2, 15, 488
2, 15, 488
2, 14, 488
2, 15, 487
2, 14, 487
2, 15, 487
2, 15, 487
2, 14, 487
2, 15, 487
2, 15, 487
2, 14, 487
2, 15, 487
2, 15, 487
2, 14, 487
2, 15, 487
2, 15, 487
2, 15, 487
2, 15, 487
2, 15, 487
2, 14, 487
2, 15, 487
2, 15, 487
2, 14, 487
2, 15, 487
2, 15, 487
2, 14, 487
2, 15, 487
2, 15, 487
2, 14, 487
2, 15, 487
2, 15, 487
2, 14, 487
2, 15, 487
2, 15, 487
2, 14, 487
2, 15, 487
2, 14, 487
2, 15, 487
2, 15, 487
2, 14, 486
2, 15, 485
2, 15, 484
2, 14, 484
2, 15, 484
2, 15, 484
2, 14, 484
2, 15, 484
2, 14, 484
2, 15, 484
2, 14, 484
2, 15, 483
2, 14, 483
2, 15, 482
2, 14, 482
2, 15, 482
2, 14, 482
2, 15, 482
2, 14, 481
2, 15, 481
2, 14, 481
2, 15, 481
2, 14, 480
2, 15, 480
2, 14, 480
2, 15, 480
2, 14, 480
2, 15, 480
2, 14, 480
2, 15, 480
2, 14, 480
2, 15, 479
2, 14, 479
2, 15, 479
2, 14, 479
2, 15, 479
2, 14, 479
2, 15, 479
2, 14, 479
2, 15, 479
2, 14, 479
2, 14, 479
2, 15, 479
2, 14, 478
2, 15, 478
2, 14, 477
2, 14, 477
2, 15, 477
2, 14, 477
2, 14, 477
2, 15, 477
2, 14, 477
2, 15, 477
2, 14, 477
2, 15, 477
2, 14, 476
2, 14, 476
2, 15, 476
2, 14, 476
2, 14, 476
2, 15, 476
2, 14, 476
2, 15, 476
2, 14, 476
2, 14, 475
2, 15, 475
2, 14, 475
2, 15, 475
2, 14, 474
2, 14, 474
2, 14, 474
2, 15, 474
2, 14, 474
2, 14, 474
2, 15, 474
2, 14, 474
2, 14, 474
2, 15, 474
2, 14, 474
2, 14, 474
2, 15, 474
2, 14, 474
2, 14, 474
2, 15, 474
2, 14, 473
2, 14, 473
2, 15, 473
2, 14, 473
2, 14, 473
2, 15, 473
2, 14, 473
2, 15, 473
2, 14, 473
2, 14, 473
2, 15, 472
2, 14, 472
2, 14, 472
2, 14, 472
2, 15, 472
2, 14, 472
2, 14, 472
2, 14, 472
2, 15, 471
2, 14, 471
2, 20, 471
2, 22, 471
2, 21, 471
2, 19, 471
2, 20, 471
2, 18, 471
2, 18, 471
2, 17, 471
2, 17, 471
2, 16, 471
2, 16, 471
2, 16, 471
2, 15, 471
2, 15, 471
2, 15, 471
2, 15, 471
2, 14, 471
2, 14, 471
2, 14, 471
2, 15, 471
2, 14, 471
2, 14, 471
2, 14, 471
2, 15, 470
2, 14, 470
2, 14, 470
2, 14, 470
2, 15, 470
2, 14, 470
2, 14, 469
2, 14, 469
2, 14, 469
2, 15, 467
2, 14, 467
2, 14, 467
2, 14, 467
2, 14, 467
2, 14, 467
2, 14, 467
2, 14, 467
2, 14, 467
2, 14, 467
2, 14, 467
2, 15, 467
2, 14, 467
2, 14, 467
2, 14, 467
2, 14, 467
2, 14, 467
2, 14, 467
2, 14, 467
2, 15, 467
2, 14, 467
2, 14, 467
2, 14, 467
2, 14, 466
2, 14, 466
2, 14, 466
2, 14, 466
2, 14, 466
2, 15, 466
2, 14, 466
2, 14, 466
2, 14, 464
2, 14, 464
2, 14, 464
2, 14, 464
2, 14, 464
2, 14, 464
2, 14, 464
2, 14, 464
2, 15, 464
2, 14, 464
2, 14, 464
2, 14, 463
2, 14, 463
2, 14, 463
2, 14, 463
2, 14, 460
2, 14, 460
2, 14, 460
2, 14, 460
2, 14, 459
2, 14, 459
2, 14, 459
2, 14, 459
2, 14, 459
2, 13, 458
2, 14, 458
2, 14, 458
2, 14, 458
2, 14, 458
2, 14, 458
2, 14, 458
2, 14, 458
2, 14, 458
2, 14, 458
2, 14, 458
2, 14, 458
2, 14, 458
2, 13, 458
2, 14, 458
2, 14, 458
2, 14, 458
2, 14, 458
2, 14, 458
2, 14, 458
2, 14, 458
2, 14, 458
2, 14, 458
2, 14, 458
2, 14, 458
2, 13, 458
2, 14, 458
2, 14, 458
2, 14, 458
2, 14, 458
2, 14, 458
2, 14, 458
2, 14, 458
2, 14, 458
2, 14, 458
2, 14, 458
2, 14, 457
2, 14, 457
2, 14, 457
2, 13, 457
2, 14, 457
2, 14, 457
2, 14, 457
2, 14, 457
2, 14, 457
2, 14, 457
2, 13, 457
2, 14, 457
2, 14, 457
2, 14, 457
2, 14, 457
2, 14, 457
2, 14, 457
2, 14, 457
2, 14, 457
2, 14, 457
2, 14, 457
2, 14, 457
2, 14, 456
2, 14, 456
2, 14, 456
2, 14, 456
2, 13, 456
2, 14, 456
2, 14, 456
2, 14, 456
2, 14, 455
2, 14, 455
2, 14, 455
2, 13, 455
2, 14, 455
2, 14, 455
2, 14, 455
2, 14, 455
2, 14, 455
2, 14, 455
2, 14, 455
2, 14, 455
2, 14, 455
2, 14, 455
2, 14, 455
2, 14, 455
2, 14, 455
2, 13, 455
2, 14, 455
2, 14, 455
2, 14, 455
2, 19, 455
2, 21, 455
2, 20, 455
2, 20, 455
2, 18, 455
2, 18, 455
2, 17, 455
2, 17, 455
2, 16, 455
2, 16, 455
2, 15, 455
2, 16, 454
2, 15, 454
2, 14, 454
2, 15, 454
2, 14, 454
2, 14, 454
2, 13, 454
2, 14, 454
2, 14, 454
2, 14, 454
2, 14, 454
2, 13, 454
2, 14, 454
2, 14, 454
2, 14, 454
2, 14, 454
2, 13, 454
2, 14, 454
2, 14, 454
2, 14, 454
2, 14, 454
2, 13, 454
2, 14, 454
2, 14, 454
2, 14, 454
2, 14, 454
2, 14, 454
2, 13, 454
2, 14, 454
2, 14, 454
2, 14, 454
2, 14, 454
2, 13, 454
2, 14, 454
2, 14, 454
2, 14, 454
2, 14, 454
2, 14, 454
2, 14, 454
2, 14, 454
2, 13, 454
2, 14, 454
2, 14, 454
2, 14, 453
2, 14, 453
2, 14, 453
2, 13, 453
2, 14, 453
2, 14, 453
2, 14, 453
2, 13, 453
2, 14, 453
2, 14, 453
2, 14, 452
2, 14, 452
2, 13, 452
2, 14, 452
2, 14, 452
2, 13, 452
2, 14, 452
2, 14, 452
2, 14, 452
2, 14, 452
2, 14, 452
2, 13, 452
2, 14, 452
2, 14, 452
2, 14, 452
2, 13, 452
2, 14, 452
2, 14, 452
2, 14, 452
2, 13, 452
2, 14, 452
2, 14, 451
2, 14, 451
2, 13, 451
2, 14, 451
2, 14, 451
2, 14, 451
2, 13, 451
2, 14, 451
2, 14, 451
2, 14, 451
2, 13, 451
2, 14, 451
2, 14, 451
2, 13, 451
2, 14, 451
2, 14, 451
2, 14, 451
2, 13, 451
2, 14, 451
2, 14, 451
2, 14, 451
2, 13, 451
2, 14, 451
2, 14, 451
2, 13, 451
2, 14, 451
2, 14, 451
2, 14, 451
2, 13, 451
2, 14, 450
2, 14, 450
2, 13, 450
2, 13, 450
2, 14, 449
2, 14, 449
2, 13, 449
2, 14, 449
2, 14, 449
2, 13, 449
2, 14, 449
2, 14, 449
2, 14, 449
2, 13, 449
2, 14, 449
2, 14, 449
2, 13, 449
2, 14, 449
2, 14, 449
2, 13, 449
2, 14, 449
2, 14, 449
2, 13, 449
2, 14, 449
2, 14, 449
2, 13, 449
2, 14, 449
2, 14, 449
2, 14, 449
2, 13, 449
2, 14, 449
2, 14, 449
2, 13, 449
2, 14, 449
2, 14, 449
2, 13, 449
2, 14, 449
2, 14, 449
2, 13, 449
2, 14, 449
2, 14, 449
2, 13, 449
2, 14, 449
2, 14, 449
2, 13, 449
2, 14, 448
2, 14, 448
2, 14, 448
2, 13, 448
2, 14, 448
2, 13, 448
2, 14, 448
2, 14, 448
2, 14, 448
2, 13, 448
2, 14, 448
2, 13, 448
2, 14, 448
2, 14, 448
2, 13, 448
2, 14, 448
2, 14, 448
2, 13, 448
2, 14, 448
2, 14, 448
2, 13, 448
2, 14, 448
2, 14, 448
2, 13, 448
2, 14, 448
2, 14, 447
2, 13, 447
2, 24, 447
2, 23, 447
2, 21, 447
2, 20, 447
2, 19, 447
2, 18, 447
2, 17, 447
2, 17, 447
2, 16, 447
2, 16, 447
2, 15, 447
2, 15, 447
2, 15, 446
2, 14, 446
2, 15, 446
2, 14, 446
2, 13, 446
2, 14, 446
2, 14, 446
2, 13, 446
2, 14, 446
2, 14, 446
2, 13, 446
2, 14, 446
2, 14, 446
2, 13, 445
2, 14, 445
2, 14, 445
2, 13, 445
2, 14, 445
2, 13, 445
2, 14, 445
2, 14, 445
2, 13, 445
2, 14, 445
2, 13, 445
2, 14, 445
2, 13, 445
2, 14, 445
2, 14, 445
2, 13, 445
2, 14, 445
2, 14, 445
2, 13, 445
2, 14, 445
2, 14, 445
2, 13, 445
2, 14, 445
2, 13, 445
2, 14, 445
2, 14, 445
2, 13, 445
2, 14, 445
2, 14, 445
2, 13, 445
2, 14, 445
2, 13, 445
2, 14, 445
2, 13, 445
2, 13, 445
2, 14, 445
2, 13, 445
2, 14, 445
2, 14, 445
2, 13, 445
2, 14, 445
2, 14, 445
2, 13, 445
2, 14, 445
2, 14, 445
2, 13, 445
2, 14, 445
2, 14, 445
2, 13, 445
2, 14, 444
2, 14, 444
2, 13, 444
2, 14, 444
2, 14, 444
2, 13, 443
2, 14, 443
2, 13, 443
2, 14, 443
2, 14, 443
2, 13, 443
2, 14, 443
2, 14, 442
2, 14, 441
2, 14, 441
2, 13, 441
2, 14, 441
2, 14, 441
2, 13, 441
2, 14, 441
2, 13, 441
2, 14, 441
2, 14, 441
2, 13, 441
2, 14, 441
2, 13, 441
2, 14, 440
2, 14, 440
2, 13, 440
2, 14, 440
2, 13, 440
2, 14, 440
2, 13, 440
2, 14, 440
2, 13, 440
2, 14, 440
2, 14, 440
2, 13, 440
2, 14, 440
2, 13, 440
2, 14, 440
2, 14, 439
2, 13, 439
2, 14, 439
2, 13, 439
2, 14, 439
2, 14, 439
2, 13, 439
2, 14, 439
2, 13, 439
2, 14, 439
2, 13, 439
2, 14, 439
2, 13, 439
2, 14, 439
2, 13, 439
2, 14, 439
2, 13, 439
2, 14, 439
2, 13, 439
2, 13, 439
2, 14, 439
2, 13, 439
2, 14, 439
2, 13, 439
2, 14, 439
2, 14, 439
2, 13, 439
2, 14, 439
2, 13, 439
2, 13, 439
2, 14, 438
2, 13, 438
2, 14, 438
2, 14, 438
2, 13, 438
2, 13, 438
2, 14, 438
2, 13, 438
2, 14, 438
2, 13, 438
2, 14, 438
2, 13, 438
2, 14, 438
2, 13, 438
2, 13, 438
2, 14, 438
2, 13, 438
2, 14, 438
2, 13, 438
2, 14, 438
2, 13, 438
2, 13, 437
2, 14, 437
2, 13, 437
2, 14, 437
2, 13, 437
2, 13, 437
2, 14, 437
2, 13, 437
2, 14, 437
2, 13, 437
2, 14, 437
2, 13, 437
2, 13, 437
2, 14, 437
2, 13, 437
2, 14, 437
2, 13, 437
2, 13, 437
2, 14, 437
2, 13, 437
2, 14, 437
2, 13, 437
2, 13, 437
2, 14, 437
2, 13, 437
2, 14, 437
2, 13, 437
2, 13, 437
2, 14, 437
2, 13, 437
2, 14, 437
2, 13, 437
2, 13, 437
2, 14, 437
2, 13, 437
2, 14, 437
2, 13, 437
2, 14, 437
2, 13, 437
2, 13, 437
2, 14, 437
2, 13, 437
2, 14, 437
2, 13, 437
2, 14, 437
2, 13, 437
2, 13, 437
2, 14, 437
2, 13, 437
2, 14, 437
2, 13, 437
2, 14, 437
2, 13, 437
2, 13, 437
2, 14, 437
2, 13, 437
2, 14, 437
2, 14, 437
2, 14, 437
2, 13, 437
2, 13, 437
2, 14, 437
2, 13, 437
2, 14, 437
2, 13, 437
2, 13, 437
2, 14, 437
2, 13, 437
2, 14, 437
2, 13, 436
2, 13, 436
2, 14, 436
2, 13, 436
2, 13, 436
2, 14, 435
2, 13, 435
2, 14, 435
2, 13, 435
2, 13, 435
2, 14, 435
2, 14, 435
2, 13, 435
2, 14, 435
2, 13, 435
2, 14, 435
2, 13, 435
2, 14, 435
2, 13, 435
2, 14, 435
2, 13, 435
2, 14, 435
2, 13, 435
2, 13, 435
2, 14, 435
2, 13, 435
2, 14, 435
2, 13, 435
2, 14, 435
2, 13, 435
2, 14, 435
2, 13, 434
2, 14, 434
2, 13, 434
2, 13, 434
2, 14, 434
2, 13, 433
2, 13, 433
2, 14, 433
2, 13, 433
2, 13, 433
2, 14, 433
2, 13, 433
2, 13, 433
2, 14, 433
2, 13, 433
2, 13, 433
2, 13, 433
2, 14, 433
2, 13, 433
2, 14, 433
2, 13, 433
2, 13, 433
2, 14, 433
2, 13, 433
2, 14, 433
2, 13, 433
2, 14, 433
2, 13, 433
2, 14, 433
2, 13, 433
2, 14, 433
2, 14, 433
2, 13, 433
2, 14, 433
2, 13, 433
2, 13, 433
2, 13, 433
2, 14, 433
2, 13, 433
2, 13, 433
2, 14, 433
2, 13, 433
2, 13, 433
2, 14, 433
2, 13, 433
2, 13, 433
2, 14, 433
2, 13, 433
2, 20, 433
2, 19, 433
2, 18, 433
2, 17, 433
2, 17, 433
2, 16, 433
2, 16, 433
2, 15, 433
2, 15, 433
2, 15, 433
2, 14, 433
2, 14, 433
2, 14, 433
2, 14, 433
2, 13, 433
2, 14, 433
2, 13, 432
2, 13, 432
2, 13, 432
2, 14, 432
2, 13, 432
2, 13, 432
2, 14, 431
2, 13, 431
2, 13, 431
2, 14, 430
2, 13, 430
2, 13, 430
2, 14, 430
2, 13, 430
2, 13, 430
2, 13, 430
2, 14, 430
2, 13, 430
2, 13, 430
