1, 24, 0
1, 18, 0
1, 15, 0
1, 16, 0
1, 13, 0
1, 12, 0
1, 12, 0
1, 11, 0
1, 11, 0
1, 10, 0
1, 11, 0
1, 10, 0
1, 9, 0
1, 10, 0
1, 9, 0
1, 9, 0
1, 9, 0
1, 9, 0
1, 8, 0
1, 9, 0
1, 8, 0
1, 8, 0
1, 8, 0
1, 9, 0
1, 8, 0
1, 8, 0
1, 8, 0
1, 8, 0
1, 9, 0
1, 8, 0
1, 8, 0
1, 8, 0
1, 8, 0
1, 9, 0
1, 8, 0
1, 8, 0
1, 8, 0
1, 9, 0
1, 8, 0
1, 8, 0
1, 8, 0
1, 8, 0
1, 9, 0
1, 8, 0
1, 8, 0
1, 8, 0
1, 8, 0
1, 9, 0
1, 8, 0
1, 8, 0
1, 8, 0
1, 8, 0
1, 9, 0
1, 8, 0
1, 8, 0
1, 8, 0
1, 9, 0
1, 8, 0
1, 8, 0
1, 8, 0
1, 9, 0
1, 8, 0
1, 8, 0
1, 8, 0
1, 8, 0
1, 9, 0
1, 8, 0
1, 8, 0
1, 9, 0
1, 8, 0
1, 8, 0
1, 8, 0
1, 8, 0
1, 9, 0
1, 8, 0
1, 8, 0
1, 9, 0
1, 8, 0
1, 8, 0
1, 8, 0
1, 8, 0
1, 9, 0
1, 8, 0
1, 8, 0
1, 8, 0
1, 9, 0
1, 8, 0
1, 8, 0
1, 9, 0
1, 8, 0
1, 8, 0
1, 9, 0
1, 8, 0
1, 8, 0
1, 9, 0
1, 8, 0
1, 8, 0
1, 9, 0
1, 8, 0
1, 8, 0
1, 8, 0
1, 8, 0
1, 9, 0
1, 8, 0
1, 11, 0
1, 8, 0
1, 9, 0
1, 8, 0
1, 8, 0
1, 8, 0
1, 9, 0
1, 8, 0
1, 8, 0
1, 8, 0
1, 9, 0
1, 8, 0
1, 8, 0
1, 8, 0
1, 9, 0
1, 8, 0
1, 8, 0
1, 8, 0
1, 9, 0
1, 8, 0
1, 8, 0
1, 8, 0
1, 8, 0
1, 9, 0
1, 8, 0
1, 8, 0
1, 8, 0
1, 8, 0
1, 9, 0
1, 8, 0
1, 8, 0
1, 8, 0
1, 8, 0
1, 9, 0
1, 8, 0
1, 8, 0
1, 8, 0
1, 8, 0
1, 9, 0
1, 8, 0
1, 8, 0
1, 8, 0
1, 9, 0
1, 8, 0
1, 8, 0
1, 8, 0
1, 9, 0
1, 8, 0
1, 8, 0
1, 8, 0
1, 9, 0
1, 8, 0
1, 8, 0
1, 8, 0
1, 9, 0
1, 8, 0
1, 8, 0
1, 8, 0
1, 8, 0
1, 9, 0
1, 8, 0
1, 8, 0
1, 8, 0
1, 8, 0
1, 9, 0
1, 8, 0
1, 8, 0
1, 8, 0
1, 8, 0
1, 9, 0
1, 8, 0
1, 8, 0
1, 8, 0
1, 8, 0
1, 9, 0
1, 8, 0
1, 8, 0
1, 8, 0
1, 8, 0
1, 9, 0
1, 8, 0
1, 8, 0
1, 8, 0
1, 8, 0
1, 9, 0
1, 8, 0
1, 8, 0
1, 8, 0
1, 8, 0
1, 9, 0
1, 8, 0
1, 8, 0
1, 8, 0
1, 8, 0
1, 9, 0
1, 8, 0
1, 8, 0
1, 8, 0
1, 8, 0
1, 9, 0
1, 8, 0
1, 8, 0
1, 8, 0
1, 8, 0
1, 9, 0
1, 8, 0
1, 8, 0
1, 8, 0
1, 8, 0
1, 9, 0
1, 8, 0
1, 8, 0
1, 8, 0
1, 8, 0
1, 9, 0
1, 8, 0
1, 8, 0
1, 25, 644
1, 21, 620
1, 19, 600
1, 19, 590
1, 19, 569
1, 17, 555
1, 18, 534
1, 16, 515
1, 16, 500
1, 16, 492
1, 15, 481
1, 15, 470
1, 15, 459
1, 14, 448
1, 15, 438
1, 13, 427
1, 14, 419
1, 14, 412
1, 13, 403
1, 13, 396
1, 13, 392
1, 13, 385
1, 13, 373
1, 12, 366
1, 12, 364
1, 12, 358
1, 12, 353
1, 12, 347
1, 12, 341
1, 14, 338
1, 14, 333
1, 14, 329
1, 13, 323
1, 13, 318
1, 12, 316
1, 13, 305
1, 13, 302
1, 12, 299
1, 11, 295
1, 12, 286
1, 11, 283
1, 12, 275
1, 12, 269
1, 12, 264
1, 13, 262
1, 12, 259
1, 64, 932
1, 69, 909
1, 58, 888
1, 66, 873
1, 52, 850
1, 50, 832
1, 48, 815
1, 45, 800
1, 57, 788
1, 109, 1176
1, 99, 1143
1, 95, 1124
1, 94, 1098
1, 199, 1830
1, 188, 1787
1, 269, 2213
1, 228, 2173
1, 223, 2121
1, 224, 2071
1, 217, 2025
1, 320, 2580
1, 276, 2541
1, 269, 2498
1, 263, 2455
1, 252, 2407
1, 247, 2361
1, 351, 2886
1, 335, 2850
1, 329, 2805
1, 318, 2756
1, 296, 2707
1, 298, 2666
1, 289, 2622
1, 283, 2585
1, 277, 2550
1, 267, 2515
1, 265, 2474
1, 336, 2868
1, 326, 2825
1, 324, 2791
1, 312, 2754
1, 312, 2718
1, 305, 2683
1, 294, 2655
1, 439, 3337
1, 422, 3296
1, 408, 3248
1, 386, 3211
1, 397, 3174
1, 386, 3141
1, 368, 3110
1, 358, 3066
1, 373, 3026
1, 339, 2992
1, 343, 2964
1, 349, 2931
1, 348, 2908
1, 331, 2888
1, 336, 2858
1, 322, 2826
1, 285, 2804
1, 253, 2783
1, 278, 2755
1, 315, 2739
1, 311, 2719
1, 295, 2693
1, 233, 2675
1, 229, 2654
1, 276, 2637
1, 274, 2616
1, 266, 2595
1, 276, 2580
1, 266, 2565
1, 213, 2544
1, 263, 2522
1, 260, 2498
1, 246, 2482
1, 202, 2463
1, 253, 2447
1, 255, 2427
1, 251, 2410
1, 190, 2401
1, 228, 2387
1, 230, 2374
1, 183, 2357
1, 223, 2342
1, 220, 2328
1, 178, 2314
1, 224, 2303
1, 224, 2292
1, 202, 2272
1, 220, 2264
1, 223, 2252
1, 180, 2242
1, 218, 2235
1, 215, 2221
1, 205, 2212
1, 208, 2203
1, 159, 2196
1, 190, 2184
1, 188, 2172
1, 205, 2164
1, 150, 2156
1, 177, 2150
1, 162, 2142
1, 201, 2134
1, 155, 2125
1, 182, 2117
1, 155, 2107
1, 189, 2100
1, 195, 2090
1, 217, 2084
1, 228, 2076
1, 227, 2066
1, 225, 2060
1, 226, 2053
1, 224, 2045
1, 213, 2041
1, 139, 2032
1, 136, 2027
1, 182, 2026
1, 201, 2018
1, 138, 2010
1, 138, 2004
1, 135, 1999
1, 129, 1988
1, 163, 1981
1, 181, 1976
1, 135, 1969
1, 144, 1963
1, 136, 1953
1, 129, 1946
1, 133, 1940
1, 136, 1939
1, 177, 1932
1, 188, 1923
1, 188, 1916
1, 127, 1908
1, 123, 1900
1, 121, 1890
1, 122, 1882
1, 119, 1875
1, 116, 1870
1, 116, 1860
1, 115, 1857
1, 117, 1849
1, 117, 1841
1, 112, 1837
1, 112, 1836
1, 113, 1831
1, 111, 1824
1, 115, 1819
1, 116, 1815
1, 111, 1807
1, 111, 1800
1, 107, 1792
1, 108, 1787
1, 109, 1784
1, 107, 1778
1, 108, 1772
1, 107, 1762
1, 106, 1752
1, 103, 1748
1, 104, 1746
1, 102, 1738
1, 101, 1731
1, 103, 1726
1, 102, 1722
1, 100, 1719
1, 100, 1715
1, 100, 1709
1, 98, 1700
1, 98, 1697
1, 98, 1692
1, 99, 1689
1, 98, 1685
1, 98, 1683
1, 99, 1681
1, 110, 1677
1, 98, 1671
1, 94, 1667
1, 94, 1664
1, 97, 1664
1, 120, 1661
1, 95, 1659
1, 91, 1656
1, 95, 1653
1, 94, 1653
1, 96, 1650
1, 127, 1644
1, 105, 1640
1, 131, 1639
1, 153, 1637
1, 135, 1636
1, 156, 1634
1, 159, 1632
1, 111, 1630
1, 96, 1628
1, 127, 1617
1, 146, 1613
1, 113, 1609
1, 137, 1607
1, 140, 1600
1, 145, 1598
1, 150, 1591
1, 156, 1584
1, 145, 1579
1, 150, 1575
1, 147, 1570
1, 121, 1567
1, 143, 1559
1, 141, 1554
1, 113, 1552
1, 132, 1549
1, 106, 1544
1, 127, 1541
1, 139, 1538
1, 109, 1533
1, 131, 1531
1, 120, 1530
1, 147, 1530
1, 109, 1527
1, 85, 1527
1, 81, 1525
1, 80, 1522
1, 81, 1519
1, 80, 1518
1, 81, 1517
1, 84, 1513
1, 80, 1511
1, 79, 1509
1, 79, 1504
1, 78, 1502
1, 78, 1497
1, 78, 1495
1, 80, 1493
1, 83, 1489
1, 81, 1487
1, 78, 1483
1, 84, 1480
1, 115, 1477
1, 137, 1477
1, 136, 1476
1, 119, 1470
1, 89, 1468
1, 78, 1463
1, 77, 1461
1, 108, 1457
1, 130, 1454
1, 95, 1449
1, 74, 1448
1, 74, 1445
1, 80, 1443
1, 111, 1440
1, 134, 1438
1, 134, 1433
1, 134, 1432
1, 134, 1431
1, 133, 1428
1, 130, 1427
1, 103, 1425
1, 129, 1420
1, 131, 1417
1, 131, 1417
1, 130, 1414
1, 97, 1408
1, 125, 1405
1, 111, 1400
1, 128, 1399
1, 108, 1397
1, 128, 1395
1, 125, 1395
1, 125, 1394
1, 103, 1393
1, 127, 1392
1, 128, 1390
1, 103, 1387
1, 127, 1384
1, 128, 1380
1, 126, 1373
1, 126, 1372
1, 125, 1370
1, 126, 1368
1, 124, 1366
1, 100, 1363
1, 123, 1361
1, 124, 1357
1, 124, 1354
1, 123, 1352
1, 123, 1351
1, 123, 1351
1, 123, 1349
1, 123, 1348
1, 121, 1346
1, 122, 1345
1, 122, 1344
1, 122, 1342
1, 121, 1340
1, 122, 1335
1, 114, 1332
1, 86, 1332
1, 69, 1328
1, 63, 1325
1, 66, 1321
1, 83, 1320
1, 108, 1317
1, 97, 1314
1, 76, 1313
1, 63, 1310
1, 67, 1305
1, 90, 1303
1, 115, 1301
1, 113, 1296
1, 92, 1293
1, 114, 1291
1, 110, 1286
1, 109, 1283
1, 113, 1281
1, 112, 1277
1, 106, 1274
1, 109, 1274
1, 88, 1274
1, 72, 1274
1, 69, 1271
1, 93, 1271
1, 111, 1265
1, 111, 1261
1, 110, 1260
1, 111, 1258
1, 91, 1257
1, 111, 1256
1, 110, 1255
1, 110, 1253
1, 106, 1252
1, 86, 1251
1, 109, 1249
1, 91, 1247
1, 109, 1246
1, 105, 1245
1, 106, 1243
1, 109, 1242
1, 109, 1239
1, 108, 1237
1, 106, 1235
1, 106, 1235
1, 108, 1234
1, 108, 1233
1, 108, 1232
1, 88, 1231
1, 107, 1229
1, 102, 1229
1, 72, 1229
1, 58, 1225
1, 55, 1224
1, 55, 1222
1, 56, 1221
1, 55, 1221
1, 55, 1219
1, 56, 1217
1, 55, 1216
1, 56, 1216
1, 55, 1215
1, 54, 1214
1, 53, 1209
1, 55, 1207
1, 54, 1206
1, 55, 1205
1, 55, 1204
1, 54, 1204
1, 56, 1202
1, 52, 1201
1, 53, 1199
1, 54, 1198
1, 54, 1194
1, 55, 1193
1, 53, 1192
1, 53, 1190
1, 52, 1189
1, 52, 1189
1, 53, 1189
1, 53, 1189
1, 53, 1187
1, 54, 1185
1, 53, 1184
1, 53, 1183
1, 51, 1182
1, 51, 1180
1, 52, 1177
1, 51, 1175
1, 52, 1173
1, 51, 1173
1, 52, 1173
1, 53, 1173
1, 52, 1172
1, 54, 1172
1, 52, 1169
1, 52, 1169
1, 52, 1168
1, 51, 1166
1, 52, 1163
1, 52, 1161
1, 50, 1159
1, 59, 1158
1, 65, 1155
1, 78, 1147
1, 66, 1146
1, 70, 1144
1, 75, 1144
1, 68, 1143
1, 56, 1141
1, 49, 1138
1, 52, 1136
1, 57, 1135
1, 76, 1134
1, 96, 1131
1, 95, 1129
1, 95, 1127
1, 95, 1125
1, 94, 1124
1, 94, 1121
1, 93, 1118
1, 95, 1118
1, 93, 1118
1, 93, 1118
1, 78, 1118
1, 93, 1117
1, 91, 1115
1, 76, 1114
1, 92, 1113
1, 92, 1112
1, 83, 1112
1, 73, 1112
1, 90, 1110
1, 73, 1110
1, 60, 1109
1, 59, 1107
1, 62, 1107
1, 75, 1105
1, 92, 1104
1, 89, 1103
1, 71, 1102
1, 64, 1100
1, 84, 1100
1, 90, 1099
1, 91, 1098
1, 88, 1094
1, 75, 1092
1, 82, 1092
1, 91, 1091
1, 91, 1090
1, 91, 1090
1, 78, 1089
1, 88, 1088
1, 78, 1086
1, 70, 1084
1, 89, 1083
1, 76, 1081
1, 68, 1081
1, 63, 1080
1, 82, 1079
1, 90, 1079
1, 89, 1079
1, 75, 1078
1, 67, 1077
1, 88, 1075
1, 89, 1074
1, 88, 1074
1, 75, 1072
1, 87, 1071
1, 78, 1070
1, 88, 1070
1, 88, 1070
1, 85, 1068
1, 67, 1066
1, 59, 1066
1, 50, 1065
1, 50, 1065
1, 48, 1065
1, 48, 1062
1, 55, 1060
1, 69, 1056
1, 80, 1055
1, 85, 1054
1, 72, 1052
1, 82, 1050
1, 63, 1049
1, 52, 1048
1, 48, 1048
1, 48, 1048
1, 43, 1047
1, 42, 1047
1, 43, 1047
1, 42, 1046
1, 42, 1046
1, 44, 1046
1, 43, 1044
1, 43, 1043
1, 44, 1043
1, 44, 1042
1, 40, 1040
1, 44, 1038
1, 89, 1567
1, 83, 1557
1, 84, 1551
1, 84, 1541
1, 82, 1527
1, 80, 1515
1, 105, 1504
1, 118, 1492
1, 82, 1486
1, 75, 1477
1, 186, 2175
1, 185, 2138
1, 201, 2114
1, 142, 2085
1, 144, 2047
1, 188, 2017
1, 182, 1990
1, 137, 1962
1, 165, 1944
1, 185, 1931
1, 203, 1913
1, 193, 1889
1, 274, 2426
1, 248, 2405
1, 249, 2387
1, 248, 2367
1, 237, 2349
1, 213, 2326
1, 235, 2306
1, 240, 2298
1, 244, 2276
1, 241, 2262
1, 229, 2250
1, 236, 2223
1, 238, 2203
1, 233, 2187
1, 230, 2176
1, 218, 2161
1, 228, 2144
1, 226, 2128
1, 196, 2113
1, 184, 2101
1, 188, 2093
1, 191, 2082
1, 185, 2069
1, 145, 2054
1, 198, 2046
1, 218, 2031
1, 220, 2019
1, 219, 2008
1, 195, 2000
1, 215, 1992
1, 215, 1985
1, 213, 1975
1, 210, 1965
1, 209, 1955
1, 198, 1939
1, 189, 1928
1, 137, 1920
1, 174, 1912
1, 201, 1903
1, 201, 1895
1, 200, 1888
1, 196, 1876
1, 197, 1871
1, 192, 1862
1, 195, 1853
1, 192, 1844
1, 192, 1834
1, 191, 1825
1, 189, 1818
1, 188, 1814
1, 158, 1811
1, 181, 1803
1, 186, 1798
1, 186, 1795
1, 172, 1788
1, 168, 1780
1, 175, 1777
1, 182, 1773
1, 170, 1769
1, 165, 1761
1, 165, 1755
1, 178, 1749
1, 177, 1746
1, 177, 1739
1, 177, 1734
1, 169, 1731
1, 167, 1728
1, 176, 1725
1, 175, 1723
1, 174, 1718
1, 174, 1714
1, 173, 1706
1, 172, 1702
1, 172, 1701
1, 171, 1692
1, 162, 1688
1, 161, 1686
1, 162, 1680
1, 116, 1676
1, 146, 1667
1, 166, 1660
1, 165, 1655
1, 164, 1650
1, 164, 1647
1, 124, 1642
1, 145, 1637
1, 119, 1635
1, 143, 1631
1, 161, 1628
1, 161, 1627
1, 161, 1626
1, 161, 1623
1, 160, 1622
1, 160, 1618
1, 159, 1615
1, 159, 1614
1, 159, 1610
1, 157, 1606
1, 157, 1605
1, 158, 1603
1, 157, 1603
1, 156, 1603
1, 157, 1598
1, 150, 1596
1, 112, 1595
1, 137, 1592
1, 156, 1589
1, 154, 1583
1, 155, 1579
1, 154, 1576
1, 146, 1570
1, 146, 1568
1, 146, 1567
1, 146, 1566
1, 152, 1561
1, 152, 1559
1, 151, 1555
1, 150, 1551
1, 151, 1549
1, 149, 1547
1, 149, 1544
1, 149, 1544
1, 149, 1542
1, 149, 1539
1, 148, 1536
1, 147, 1533
1, 147, 1530
1, 147, 1528
1, 147, 1525
1, 146, 1523
1, 146, 1518
1, 145, 1513
1, 145, 1507
1, 144, 1502
1, 143, 1502
1, 137, 1499
1, 105, 1499
1, 133, 1497
1, 143, 1495
1, 142, 1495
1, 142, 1493
1, 143, 1492
1, 141, 1488
1, 141, 1485
1, 141, 1484
1, 141, 1483
1, 141, 1481
1, 140, 1478
1, 140, 1471
1, 139, 1467
1, 138, 1466
1, 138, 1463
1, 138, 1462
1, 138, 1458
1, 130, 1454
1, 97, 1453
1, 87, 1449
1, 83, 1448
1, 111, 1447
1, 136, 1446
1, 106, 1443
1, 127, 1440
1, 133, 1439
1, 134, 1435
1, 134, 1435
1, 135, 1434
1, 105, 1431
1, 133, 1429
1, 134, 1426
1, 105, 1424
1, 130, 1420
1, 130, 1416
1, 130, 1414
1, 131, 1412
1, 131, 1410
1, 131, 1408
1, 130, 1404
1, 130, 1400
1, 129, 1396
1, 129, 1396
1, 128, 1394
1, 128, 1391
1, 128, 1391
1, 128, 1388
1, 128, 1388
1, 128, 1387
1, 127, 1386
1, 128, 1383
1, 127, 1380
1, 127, 1378
1, 126, 1376
1, 126, 1372
1, 126, 1371
1, 125, 1370
1, 126, 1369
1, 126, 1366
1, 125, 1364
1, 125, 1364
1, 124, 1363
1, 125, 1363
1, 124, 1361
1, 125, 1361
1, 118, 1359
1, 119, 1359
1, 124, 1358
1, 123, 1357
1, 123, 1357
1, 124, 1356
1, 122, 1355
1, 122, 1352
1, 123, 1351
1, 123, 1348
1, 122, 1345
1, 116, 1343
1, 94, 1338
1, 121, 1336
1, 97, 1334
1, 121, 1334
1, 96, 1333
1, 120, 1329
1, 120, 1328
1, 120, 1326
1, 119, 1325
1, 120, 1323
1, 119, 1322
1, 120, 1322
1, 118, 1321
1, 119, 1321
1, 120, 1321
1, 119, 1320
1, 118, 1318
1, 119, 1317
1, 119, 1314
1, 118, 1313
1, 118, 1312
1, 117, 1307
1, 117, 1305
1, 117, 1302
1, 96, 1299
1, 115, 1296
1, 116, 1294
1, 115, 1292
1, 112, 1291
1, 113, 1290
1, 115, 1288
1, 114, 1286
1, 115, 1284
1, 114, 1284
1, 114, 1283
1, 115, 1283
1, 114, 1282
1, 114, 1282
1, 114, 1282
1, 112, 1280
1, 113, 1278
1, 113, 1275
1, 113, 1273
1, 112, 1270
1, 113, 1269
1, 112, 1268
1, 113, 1266
1, 111, 1264
1, 111, 1264
1, 111, 1263
1, 112, 1260
1, 111, 1259
1, 111, 1258
1, 111, 1258
1, 111, 1257
1, 111, 1256
1, 111, 1256
1, 91, 1253
1, 109, 1251
1, 110, 1250
1, 100, 1250
1, 110, 1250
1, 89, 1247
1, 109, 1247
1, 109, 1247
1, 109, 1246
1, 110, 1245
1, 109, 1243
1, 109, 1242
1, 109, 1241
1, 109, 1241
1, 108, 1240
1, 109, 1240
1, 108, 1238
1, 109, 1238
1, 108, 1236
1, 108, 1235
1, 108, 1234
1, 108, 1232
1, 107, 1230
1, 107, 1227
1, 107, 1226
1, 107, 1223
1, 107, 1222
1, 106, 1221
1, 107, 1221
1, 106, 1220
1, 106, 1218
1, 106, 1217
1, 108, 1217
1, 105, 1215
1, 105, 1212
1, 84, 1210
1, 104, 1209
1, 104, 1209
1, 83, 1205
1, 104, 1203
1, 104, 1202
1, 104, 1201
1, 103, 1199
1, 87, 1198
1, 103, 1197
1, 104, 1197
1, 103, 1195
1, 104, 1195
1, 103, 1194
1, 103, 1194
1, 103, 1193
1, 102, 1192
1, 87, 1192
1, 102, 1191
1, 103, 1190
1, 86, 1190
1, 102, 1189
1, 102, 1189
1, 102, 1189
1, 86, 1186
1, 102, 1185
1, 101, 1184
1, 102, 1184
1, 102, 1184
1, 102, 1181
1, 101, 1179
1, 85, 1179
1, 100, 1179
1, 101, 1179
1, 101, 1176
1, 101, 1175
1, 84, 1174
1, 101, 1171
1, 84, 1170
1, 100, 1169
1, 100, 1166
1, 100, 1165
1, 83, 1163
1, 99, 1161
1, 83, 1160
1, 98, 1158
1, 99, 1156
1, 97, 1154
1, 98, 1152
1, 98, 1151
1, 97, 1150
1, 80, 1150
1, 97, 1149
1, 97, 1149
1, 97, 1148
1, 97, 1147
1, 98, 1146
1, 97, 1145
1, 97, 1144
1, 97, 1144
1, 97, 1144
1, 97, 1141
1, 96, 1140
1, 97, 1139
1, 96, 1139
1, 97, 1138
1, 96, 1136
1, 96, 1134
1, 96, 1134
1, 96, 1134
1, 95, 1133
1, 81, 1132
1, 74, 1131
1, 94, 1130
1, 95, 1128
1, 94, 1127
1, 96, 1127
1, 94, 1126
1, 95, 1125
1, 95, 1123
1, 94, 1122
1, 94, 1121
1, 94, 1121
1, 94, 1120
1, 94, 1116
1, 94, 1114
1, 93, 1113
1, 93, 1113
1, 94, 1112
1, 92, 1111
1, 93, 1110
1, 93, 1107
1, 92, 1106
1, 93, 1102
1, 92, 1101
1, 91, 1098
1, 92, 1098
1, 77, 1096
1, 90, 1095
1, 76, 1094
1, 70, 1093
1, 90, 1093
1, 76, 1093
1, 69, 1092
1, 90, 1092
1, 91, 1092
1, 91, 1091
1, 76, 1089
1, 69, 1089
1, 89, 1089
1, 90, 1089
1, 91, 1088
1, 76, 1087
1, 68, 1086
1, 89, 1086
1, 90, 1086
1, 76, 1084
1, 69, 1083
1, 89, 1083
1, 90, 1082
1, 75, 1081
1, 89, 1080
1, 77, 1079
1, 70, 1078
1, 88, 1074
1, 88, 1073
1, 88, 1071
1, 88, 1069
1, 88, 1069
1, 89, 1068
1, 87, 1066
1, 87, 1065
1, 74, 1064
1, 87, 1064
1, 87, 1062
1, 88, 1062
1, 73, 1061
1, 86, 1060
1, 88, 1059
1, 73, 1059
1, 87, 1057
1, 73, 1057
1, 86, 1055
1, 73, 1055
1, 87, 1054
1, 86, 1052
1, 86, 1051
1, 73, 1049
1, 85, 1049
1, 86, 1048
1, 72, 1046
1, 85, 1045
1, 86, 1045
1, 85, 1044
1, 86, 1043
1, 85, 1043
1, 85, 1040
1, 85, 1040
1, 85, 1040
1, 85, 1037
1, 84, 1035
1, 84, 1034
1, 84, 1032
1, 83, 1028
1, 84, 1028
1, 82, 1027
1, 71, 1027
1, 83, 1026
1, 83, 1026
1, 84, 1026
1, 83, 1025
1, 83, 1025
1, 83, 1025
1, 80, 1025
1, 81, 1024
1, 83, 1023
1, 83, 1022
1, 83, 1021
1, 69, 1020
1, 82, 1020
1, 83, 1018
1, 82, 1018
1, 82, 1017
1, 81, 1015
1, 82, 1015
1, 82, 1012
1, 69, 1011
1, 80, 1010
1, 81, 1010
1, 82, 1009
1, 81, 1009
1, 82, 1008
1, 81, 1007
1, 81, 1005
1, 80, 1005
1, 80, 1004
1, 81, 1003
1, 80, 1002
1, 81, 1000
1, 80, 999
1, 80, 999
1, 81, 999
1, 80, 999
1, 69, 999
1, 80, 998
1, 80, 996
1, 80, 995
1, 79, 993
1, 80, 993
1, 68, 990
1, 79, 989
1, 68, 987
1, 79, 987
1, 79, 987
1, 78, 985
1, 67, 984
1, 62, 981
1, 75, 981
1, 65, 979
1, 61, 979
1, 58, 978
1, 75, 974
1, 65, 974
1, 61, 972
1, 77, 971
1, 76, 969
1, 67, 967
1, 60, 966
1, 76, 966
1, 66, 964
1, 76, 962
1, 66, 962
1, 60, 961
1, 75, 956
1, 65, 953
1, 59, 952
1, 75, 951
1, 65, 950
1, 59, 948
1, 74, 948
1, 75, 948
1, 64, 948
1, 59, 947
1, 73, 946
1, 75, 944
1, 64, 943
1, 59, 943
1, 74, 943
1, 64, 941
1, 58, 938
1, 72, 938
1, 64, 933
1, 58, 931
1, 72, 930
1, 73, 929
1, 72, 929
1, 73, 928
1, 63, 927
1, 73, 927
1, 72, 925
1, 63, 925
1, 57, 924
1, 54, 924
1, 71, 924
1, 72, 923
1, 72, 922
1, 72, 919
1, 72, 919
1, 71, 918
1, 72, 917
1, 63, 915
1, 57, 912
1, 71, 910
1, 71, 909
1, 70, 908
1, 71, 907
1, 70, 907
1, 68, 907
1, 70, 906
1, 69, 903
1, 70, 903
1, 70, 901
1, 69, 898
1, 70, 898
1, 69, 897
1, 69, 897
1, 69, 893
1, 69, 891
1, 69, 890
1, 68, 885
1, 68, 885
1, 68, 883
1, 68, 881
1, 68, 880
1, 67, 880
1, 68, 880
1, 68, 879
1, 58, 877
1, 66, 874
1, 57, 873
1, 66, 870
1, 66, 870
1, 59, 868
1, 67, 867
1, 66, 866
1, 57, 863
1, 65, 861
1, 59, 861
1, 65, 859
1, 66, 857
1, 58, 857
1, 64, 855
1, 60, 854
1, 53, 852
1, 52, 851
1, 49, 851
1, 64, 851
1, 57, 851
1, 64, 851
1, 58, 850
1, 65, 847
1, 56, 845
1, 53, 843
1, 63, 841
1, 64, 841
1, 56, 839
1, 64, 839
1, 56, 839
1, 64, 838
1, 56, 838
1, 63, 836
1, 56, 834
1, 63, 832
1, 56, 830
1, 62, 829
1, 57, 829
1, 62, 828
1, 63, 827
1, 55, 827
1, 62, 827
1, 56, 827
1, 62, 826
1, 56, 822
1, 61, 821
1, 62, 821
1, 56, 821
1, 62, 821
1, 55, 818
1, 61, 818
1, 59, 818
1, 54, 817
1, 51, 815
1, 48, 815
1, 60, 813
1, 61, 812
1, 55, 811
1, 51, 810
1, 48, 810
1, 60, 809
1, 61, 808
1, 55, 807
1, 60, 806
1, 55, 805
1, 60, 804
1, 60, 804
1, 61, 804
1, 60, 804
1, 60, 803
1, 53, 803
1, 50, 803
1, 48, 802
1, 58, 802
1, 60, 802
1, 53, 802
1, 59, 801
1, 60, 800
1, 53, 799
1, 59, 799
1, 60, 798
1, 53, 797
1, 58, 795
1, 60, 795
1, 56, 795
1, 59, 792
1, 59, 792
1, 59, 792
1, 57, 792
1, 58, 792
1, 53, 792
1, 49, 792
1, 44, 790
1, 57, 790
1, 58, 790
1, 59, 790
1, 54, 790
1, 58, 790
1, 59, 789
1, 59, 789
1, 59, 788
1, 58, 788
1, 59, 787
1, 56, 786
1, 58, 784
1, 58, 784
1, 58, 784
1, 59, 783
1, 58, 783
1, 58, 782
1, 58, 782
1, 58, 780
1, 58, 780
1, 58, 779
1, 57, 778
1, 58, 778
1, 56, 778
1, 52, 778
1, 54, 778
1, 52, 777
1, 49, 777
1, 47, 775
1, 54, 775
1, 52, 774
1, 48, 774
1, 46, 773
1, 56, 773
1, 58, 773
1, 57, 773
1, 57, 773
1, 57, 770
1, 57, 770
1, 57, 770
1, 57, 770
1, 57, 769
1, 57, 769
1, 57, 768
1, 56, 768
1, 57, 768
1, 57, 767
1, 51, 766
1, 56, 766
1, 57, 766
1, 56, 764
1, 57, 764
1, 54, 763
1, 55, 762
1, 51, 762
1, 47, 761
1, 46, 760
1, 55, 759
1, 51, 758
1, 47, 757
1, 46, 757
1, 55, 755
1, 56, 755
1, 55, 754
1, 51, 754
1, 48, 752
1, 54, 752
1, 50, 752
1, 47, 752
1, 55, 751
1, 50, 751
1, 47, 749
1, 54, 749
1, 51, 748
1, 47, 748
1, 55, 748
1, 54, 748
1, 55, 747
1, 55, 747
1, 48, 747
1, 46, 747
1, 54, 747
1, 50, 746
1, 47, 745
1, 54, 744
1, 55, 743
1, 49, 743
1, 47, 742
1, 53, 741
1, 50, 740
1, 47, 738
1, 53, 736
1, 49, 736
1, 46, 736
1, 54, 735
1, 51, 735
1, 49, 735
1, 46, 735
1, 53, 734
1, 49, 734
1, 44, 734
1, 39, 734
1, 41, 733
1, 52, 732
1, 50, 732
1, 46, 732
1, 44, 731
1, 52, 731
1, 49, 731
1, 46, 731
1, 53, 729
1, 53, 729
1, 47, 729
1, 41, 729
1, 37, 728
1, 34, 727
1, 38, 726
1, 38, 726
1, 35, 725
1, 33, 724
1, 31, 723
1, 29, 723
1, 28, 722
1, 27, 722
1, 26, 722
1, 27, 722
1, 25, 722
1, 26, 722
1, 25, 722
1, 25, 722
1, 24, 722
1, 24, 722
1, 24, 722
1, 24, 722
1, 24, 721
1, 24, 721
1, 23, 720
1, 24, 720
1, 24, 720
1, 23, 720
1, 24, 719
1, 24, 719
1, 23, 719
1, 24, 719
1, 24, 719
1, 23, 719
1, 24, 717
1, 24, 717
1, 23, 715
1, 24, 715
1, 23, 714
1, 24, 714
1, 23, 714
1, 24, 714
1, 23, 712
1, 23, 711
1, 24, 711
1, 23, 711
1, 24, 711
1, 23, 711
1, 23, 711
1, 23, 710
1, 24, 709
1, 23, 709
1, 23, 708
1, 23, 707
1, 23, 705
1, 24, 705
1, 23, 705
1, 23, 704
1, 23, 704
1, 23, 704
1, 23, 702
1, 23, 702
1, 23, 702
1, 23, 701
1, 23, 701
1, 23, 701
1, 23, 701
1, 23, 700
1, 23, 700
1, 23, 700
1, 23, 700
1, 23, 700
1, 22, 699
1, 23, 699
1, 23, 699
1, 23, 699
1, 23, 698
1, 23, 698
1, 22, 697
1, 23, 697
1, 23, 697
1, 23, 696
1, 23, 696
1, 22, 696
1, 23, 695
1, 23, 695
1, 23, 695
1, 22, 695
1, 23, 695
1, 23, 695
1, 22, 694
1, 23, 693
1, 23, 692
1, 22, 692
1, 24, 691
1, 23, 691
1, 22, 691
1, 23, 691
1, 23, 691
1, 22, 691
1, 23, 691
1, 22, 691
1, 23, 691
1, 22, 691
1, 23, 691
1, 22, 690
1, 23, 690
1, 22, 690
1, 23, 689
1, 22, 688
1, 22, 688
1, 23, 685
1, 22, 685
1, 22, 685
1, 22, 685
1, 23, 685
1, 22, 684
1, 22, 684
1, 22, 684
1, 22, 683
1, 23, 683
1, 22, 682
1, 22, 681
1, 22, 681
1, 22, 681
1, 22, 681
1, 22, 680
1, 22, 680
1, 22, 680
1, 22, 680
1, 22, 678
1, 22, 678
1, 22, 678
1, 23, 678
1, 22, 678
1, 22, 677
1, 22, 675
1, 22, 675
1, 22, 675
1, 22, 675
1, 22, 675
1, 21, 675
1, 22, 675
1, 22, 675
1, 22, 674
1, 22, 673
1, 22, 672
1, 22, 671
1, 22, 669
1, 21, 669
1, 22, 669
1, 22, 669
1, 21, 668
1, 22, 668
1, 22, 668
1, 22, 668
1, 21, 667
1, 22, 667
1, 21, 667
1, 22, 667
1, 21, 667
1, 22, 667
1, 21, 667
1, 22, 667
1, 22, 667
1, 21, 666
1, 22, 666
1, 21, 666
1, 22, 666
1, 21, 666
1, 22, 665
1, 21, 665
1, 22, 665
1, 21, 665
1, 22, 665
1, 21, 665
1, 21, 665
1, 22, 665
1, 21, 665
1, 22, 665
1, 21, 662
1, 22, 662
1, 21, 661
1, 21, 660
1, 22, 660
1, 21, 660
1, 21, 660
1, 22, 660
1, 21, 659
1, 21, 657
1, 21, 657
1, 21, 657
1, 21, 657
1, 22, 657
1, 21, 657
1, 21, 656
1, 21, 654
1, 21, 654
1, 21, 654
1, 21, 654
1, 22, 654
1, 21, 654
1, 21, 654
1, 21, 653
1, 21, 653
1, 22, 653
1, 22, 653
1, 21, 653
1, 22, 650
1, 21, 649
1, 21, 649
1, 20, 649
1, 21, 649
1, 21, 649
1, 21, 649
1, 21, 649
1, 21, 649
1, 20, 647
1, 21, 644
1, 21, 644
1, 20, 643
1, 21, 643
1, 20, 643
1, 21, 643
1, 21, 642
1, 20, 641
1, 21, 640
1, 20, 640
1, 21, 640
1, 20, 640
1, 21, 640
1, 20, 640
1, 21, 639
1, 20, 638
1, 20, 638
1, 21, 636
1, 20, 636
1, 20, 636
1, 21, 636
1, 20, 636
1, 20, 635
1, 21, 635
1, 20, 635
1, 20, 634
1, 20, 634
1, 21, 634
1, 20, 634
1, 20, 633
1, 20, 633
1, 21, 633
1, 20, 633
1, 20, 633
1, 20, 632
1, 20, 631
1, 21, 631
1, 20, 631
1, 20, 631
1, 20, 630
1, 20, 630
1, 20, 630
1, 20, 630
1, 20, 629
1, 20, 629
1, 20, 628
1, 20, 628
1, 20, 628
1, 20, 628
1, 20, 628
1, 20, 627
1, 20, 627
1, 20, 626
1, 20, 625
1, 20, 625
1, 20, 625
1, 20, 624
1, 20, 623
1, 20, 622
1, 20, 622
1, 19, 621
1, 20, 620
1, 20, 620
1, 20, 619
1, 19, 616
1, 20, 616
1, 20, 615
1, 19, 614
1, 20, 614
1, 19, 610
1, 20, 609
1, 19, 608
1, 19, 607
1, 19, 607
1, 20, 606
1, 19, 606
1, 19, 605
1, 19, 605
1, 19, 604
1, 19, 602
1, 19, 602
1, 20, 601
1, 19, 601
1, 19, 600
1, 19, 600
1, 19, 599
1, 19, 598
1, 18, 598
1, 19, 598
1, 18, 597
1, 19, 597
1, 19, 597
1, 19, 597
1, 19, 597
1, 19, 595
1, 19, 595
1, 19, 594
1, 19, 594
1, 18, 594
1, 19, 594
1, 19, 594
1, 19, 594
1, 19, 594
1, 18, 593
1, 19, 593
1, 19, 593
1, 19, 592
1, 18, 591
1, 19, 591
1, 19, 591
1, 19, 589
1, 18, 588
1, 19, 587
1, 18, 586
1, 19, 586
1, 18, 586
1, 19, 586
1, 19, 586
1, 18, 586
1, 19, 585
1, 19, 583
1, 18, 582
1, 18, 582
1, 19, 581
1, 18, 580
1, 18, 580
1, 19, 580
1, 18, 580
1, 18, 579
1, 19, 579
1, 18, 579
1, 18, 579
1, 18, 579
1, 19, 578
1, 18, 576
1, 18, 575
1, 18, 575
1, 18, 573
1, 18, 573
1, 18, 572
1, 18, 571
1, 18, 571
1, 18, 570
1, 18, 570
1, 18, 569
1, 18, 569
1, 18, 568
1, 18, 568
1, 18, 568
1, 17, 566
1, 18, 565
1, 18, 565
1, 18, 565
1, 18, 563
1, 17, 563
1, 18, 563
1, 18, 563
1, 17, 563
1, 18, 561
1, 18, 560
1, 17, 559
1, 18, 559
1, 18, 559
1, 17, 559
1, 18, 558
1, 18, 557
1, 18, 557
1, 17, 557
1, 18, 557
1, 17, 557
1, 18, 557
1, 17, 557
1, 18, 557
1, 17, 556
1, 18, 556
1, 17, 556
1, 18, 556
1, 17, 556
1, 18, 556
1, 17, 555
1, 18, 555
1, 17, 554
1, 18, 553
1, 17, 553
1, 17, 552
1, 18, 552
1, 17, 551
1, 18, 551
1, 17, 549
1, 17, 549
1, 17, 549
1, 18, 549
1, 17, 549
1, 17, 549
1, 17, 549
1, 18, 549
1, 17, 548
1, 17, 548
1, 18, 548
1, 17, 548
1, 17, 548
1, 17, 547
1, 17, 547
1, 17, 547
1, 18, 547
1, 17, 547
1, 17, 547
1, 17, 547
1, 17, 547
1, 18, 547
1, 17, 547
1, 17, 547
1, 17, 547
1, 17, 547
1, 17, 547
1, 18, 547
1, 17, 547
1, 17, 547
1, 17, 547
1, 17, 547
1, 18, 547
1, 17, 547
1, 17, 547
1, 17, 547
1, 18, 547
1, 17, 546
1, 17, 546
1, 17, 546
1, 17, 546
1, 17, 545
1, 18, 543
1, 17, 543
1, 17, 542
1, 17, 541
1, 17, 541
1, 17, 541
1, 17, 539
1, 17, 539
1, 16, 538
1, 17, 538
1, 17, 538
1, 17, 536
1, 17, 536
1, 17, 536
1, 17, 536
1, 17, 536
1, 17, 536
1, 17, 536
1, 17, 535
1, 16, 535
1, 17, 535
1, 17, 534
1, 17, 533
1, 16, 533
1, 17, 532
1, 17, 532
1, 17, 532
1, 17, 531
1, 16, 531
1, 17, 531
1, 17, 531
1, 16, 531
1, 17, 531
1, 16, 530
1, 17, 529
1, 17, 529
1, 16, 529
1, 17, 529
1, 17, 529
1, 16, 529
1, 17, 529
1, 16, 529
1, 17, 528
1, 16, 528
1, 17, 528
1, 17, 528
1, 16, 528
1, 17, 527
1, 16, 527
1, 17, 526
1, 16, 525
1, 17, 525
1, 16, 525
1, 17, 525
1, 16, 525
1, 17, 525
1, 16, 525
1, 17, 525
1, 16, 525
1, 17, 524
1, 16, 524
1, 17, 524
1, 16, 524
1, 17, 524
1, 16, 524
1, 16, 522
1, 17, 522
1, 16, 522
1, 17, 522
1, 16, 522
1, 17, 522
1, 16, 521
1, 16, 521
1, 17, 521
1, 16, 520
1, 16, 520
1, 17, 520
1, 16, 519
1, 16, 519
1, 17, 519
1, 16, 519
1, 16, 519
1, 17, 519
1, 16, 519
1, 16, 518
1, 16, 518
1, 17, 518
1, 16, 517
1, 16, 517
1, 16, 517
1, 17, 517
1, 16, 517
1, 16, 517
1, 16, 516
1, 16, 516
1, 17, 516
1, 16, 516
1, 16, 514
1, 16, 514
1, 16, 514
1, 16, 513
1, 16, 513
1, 16, 513
1, 16, 513
1, 16, 513
1, 16, 513
1, 16, 513
1, 16, 513
1, 17, 513
1, 16, 513
1, 16, 513
1, 16, 513
1, 16, 513
1, 16, 513
1, 16, 512
1, 16, 512
1, 17, 512
1, 16, 512
1, 16, 511
1, 16, 511
1, 16, 511
1, 16, 511
1, 16, 511
1, 16, 511
1, 16, 511
1, 16, 511
1, 16, 511
1, 16, 511
1, 16, 511
1, 17, 511
1, 16, 511
1, 16, 511
1, 16, 510
1, 16, 510
1, 16, 510
1, 16, 510
1, 16, 510
1, 16, 510
1, 16, 509
1, 16, 509
1, 16, 509
1, 16, 509
1, 16, 509
1, 16, 509
1, 16, 509
1, 16, 507
1, 16, 507
1, 16, 506
1, 16, 506
1, 15, 506
1, 16, 506
1, 16, 505
1, 16, 505
1, 16, 505
1, 16, 505
1, 16, 505
1, 16, 505
1, 16, 505
1, 16, 505
1, 16, 505
1, 16, 505
1, 16, 505
1, 15, 505
1, 16, 505
1, 16, 505
1, 16, 505
1, 16, 505
1, 16, 505
1, 16, 504
1, 16, 504
1, 16, 504
1, 15, 504
1, 16, 503
1, 16, 503
1, 16, 502
1, 16, 502
1, 15, 502
1, 16, 501
1, 16, 501
1, 16, 501
1, 19, 501
1, 22, 499
1, 21, 499
1, 20, 499
1, 20, 499
1, 20, 499
1, 19, 499
1, 18, 498
1, 19, 498
1, 17, 498
1, 18, 498
1, 17, 498
1, 17, 498
1, 17, 496
1, 17, 496
1, 16, 495
1, 16, 495
1, 16, 495
1, 16, 495
1, 15, 495
1, 16, 495
1, 15, 493
1, 16, 493
1, 15, 493
1, 16, 493
1, 15, 493
1, 16, 493
1, 16, 492
1, 15, 492
1, 16, 491
1, 15, 491
1, 16, 491
1, 15, 491
1, 16, 491
1, 16, 491
1, 15, 491
1, 16, 491
1, 15, 491
1, 16, 491
1, 15, 491
1, 16, 491
1, 15, 490
1, 16, 490
1, 15, 490
1, 16, 490
1, 15, 489
1, 16, 489
1, 15, 488
1, 16, 488
1, 15, 488
1, 16, 488
1, 15, 488
1, 15, 488
1, 16, 488
1, 15, 488
1, 15, 488
1, 16, 488
1, 15, 488
1, 16, 488
1, 16, 488
1, 16, 488
1, 15, 488
1, 15, 488
1, 16, 488
1, 15, 488
1, 16, 488
1, 15, 487
1, 15, 487
1, 16, 487
1, 15, 487
1, 15, 486
1, 16, 486
1, 15, 485
1, 15, 485
1, 16, 484
1, 15, 484
1, 15, 484
1, 15, 484
1, 16, 484
1, 15, 484
1, 15, 484
1, 16, 484
1, 15, 484
1, 15, 484
1, 15, 483
1, 16, 481
1, 15, 480
1, 15, 479
1, 15, 479
1, 15, 478
1, 15, 478
1, 15, 478
1, 15, 478
1, 16, 478
1, 15, 478
1, 15, 478
1, 15, 477
1, 15, 477
1, 15, 477
1, 15, 477
1, 15, 477
1, 15, 477
1, 15, 477
1, 15, 477
1, 16, 477
1, 15, 477
1, 15, 477
1, 15, 477
1, 15, 477
1, 15, 477
1, 15, 477
1, 15, 477
1, 15, 477
1, 15, 477
1, 15, 477
1, 15, 477
1, 16, 477
1, 15, 477
1, 15, 477
1, 15, 477
1, 15, 477
1, 15, 477
1, 15, 477
1, 15, 477
1, 15, 477
1, 15, 477
1, 15, 477
1, 15, 477
1, 16, 477
1, 15, 477
1, 15, 477
1, 15, 477
1, 15, 477
1, 15, 476
1, 15, 476
1, 15, 476
1, 15, 476
1, 15, 476
1, 15, 476
1, 15, 476
1, 15, 476
1, 15, 476
1, 15, 476
1, 15, 476
1, 15, 475
1, 16, 475
1, 15, 475
1, 15, 475
1, 15, 475
1, 15, 475
1, 15, 475
1, 15, 475
1, 15, 475
1, 15, 475
1, 15, 475
1, 15, 475
1, 15, 475
1, 15, 475
1, 15, 475
1, 16, 475
1, 15, 475
1, 15, 475
1, 15, 475
1, 15, 475
1, 15, 475
1, 15, 475
1, 16, 475
1, 15, 475
1, 15, 475
1, 15, 475
1, 15, 475
1, 15, 474
1, 15, 474
1, 15, 474
1, 15, 474
1, 15, 474
1, 15, 474
1, 15, 474
1, 15, 474
1, 15, 474
1, 15, 474
1, 15, 473
1, 15, 473
1, 15, 473
1, 15, 473
1, 15, 473
1, 15, 473
1, 15, 471
1, 15, 471
1, 15, 471
1, 15, 471
1, 15, 470
1, 15, 470
1, 14, 469
1, 15, 469
1, 15, 469
1, 15, 469
1, 15, 469
1, 15, 469
1, 14, 469
1, 15, 469
1, 15, 469
1, 15, 469
1, 15, 468
1, 15, 468
1, 15, 468
1, 14, 468
1, 15, 467
1, 15, 467
1, 15, 467
1, 15, 467
1, 14, 467
1, 15, 467
1, 15, 467
1, 15, 467
1, 14, 467
1, 15, 467
1, 15, 467
1, 15, 467
1, 15, 467
1, 14, 467
1, 15, 467
1, 15, 467
1, 15, 467
1, 15, 467
1, 14, 467
1, 15, 467
1, 15, 467
1, 15, 467
1, 15, 467
1, 14, 467
1, 15, 467
1, 15, 467
1, 15, 467
1, 14, 467
1, 15, 467
1, 15, 466
1, 15, 466
1, 15, 466
1, 14, 466
1, 15, 466
1, 15, 466
1, 15, 466
1, 14, 466
1, 15, 465
1, 15, 465
1, 15, 465
1, 14, 464
1, 15, 464
1, 15, 463
1, 15, 463
1, 14, 463
1, 15, 463
1, 15, 463
1, 14, 463
1, 15, 463
1, 15, 463
1, 14, 463
1, 15, 462
1, 15, 462
1, 14, 462
1, 15, 462
1, 15, 461
1, 14, 460
1, 15, 460
1, 15, 460
1, 14, 459
1, 15, 459
1, 14, 458
1, 15, 458
1, 14, 458
1, 15, 458
1, 14, 458
1, 15, 458
1, 15, 458
1, 14, 458
1, 15, 458
1, 14, 458
1, 15, 458
1, 14, 458
1, 15, 458
1, 14, 456
1, 15, 456
1, 14, 456
1, 15, 456
1, 14, 456
1, 15, 456
1, 14, 456
1, 15, 456
1, 14, 456
1, 15, 455
1, 14, 455
1, 15, 455
1, 14, 455
1, 15, 455
1, 14, 455
1, 15, 455
1, 14, 455
1, 15, 455
1, 14, 455
1, 15, 455
1, 14, 455
1, 15, 455
1, 14, 455
1, 14, 455
1, 15, 455
1, 15, 454
1, 14, 454
1, 15, 454
1, 14, 453
1, 15, 453
1, 14, 452
1, 15, 452
1, 14, 452
1, 15, 452
1, 14, 452
1, 15, 452
1, 15, 451
1, 14, 451
1, 15, 451
1, 14, 450
1, 15, 450
1, 14, 450
1, 14, 450
1, 15, 450
1, 14, 450
1, 14, 450
1, 14, 450
1, 15, 450
1, 14, 449
1, 15, 449
1, 14, 449
1, 14, 449
1, 15, 449
1, 24, 449
1, 23, 449
1, 22, 449
1, 20, 448
1, 20, 448
1, 19, 448
1, 18, 448
1, 17, 448
1, 18, 448
1, 16, 448
1, 17, 448
1, 16, 445
1, 16, 445
1, 15, 444
1, 15, 444
1, 15, 444
1, 14, 444
1, 14, 444
1, 15, 443
1, 14, 443
1, 14, 442
1, 14, 442
1, 14, 442
1, 14, 441
1, 14, 441
1, 15, 441
1, 14, 441
1, 14, 441
1, 14, 441
1, 14, 441
1, 14, 441
1, 14, 441
1, 15, 441
1, 14, 441
1, 49, 1011
1, 49, 990
1, 50, 971
1, 63, 960
1, 57, 942
1, 72, 922
1, 62, 904
1, 57, 891
1, 158, 1550
1, 142, 1515
1, 143, 1482
1, 222, 1920
1, 200, 1870
1, 194, 1834
1, 188, 1793
1, 183, 1752
1, 133, 1703
1, 148, 1663
1, 157, 1636
1, 159, 1602
1, 155, 1571
1, 284, 2339
1, 249, 2300
1, 239, 2270
1, 240, 2246
1, 241, 2211
1, 228, 2169
1, 235, 2135
1, 235, 2109
1, 221, 2082
1, 227, 2049
1, 222, 2025
1, 219, 2006
1, 215, 1978
1, 212, 1955
1, 208, 1935
1, 204, 1908
1, 139, 1891
1, 119, 1869
1, 129, 1854
1, 165, 1841
1, 185, 1823
1, 188, 1803
1, 186, 1792
1, 183, 1769
1, 180, 1749
1, 178, 1731
1, 175, 1718
1, 169, 1706
1, 169, 1691
1, 169, 1677
1, 163, 1666
1, 166, 1653
1, 164, 1646
1, 163, 1634
1, 161, 1623
1, 159, 1607
1, 158, 1598
1, 156, 1590
1, 154, 1577
1, 154, 1568
1, 141, 1557
1, 107, 1548
1, 139, 1534
1, 147, 1527
1, 146, 1517
1, 145, 1507
1, 143, 1502
1, 143, 1496
1, 142, 1486
1, 140, 1475
1, 138, 1472
1, 136, 1459
1, 137, 1455
1, 136, 1448
1, 135, 1439
1, 133, 1433
1, 134, 1430
1, 129, 1422
1, 101, 1417
1, 123, 1414
1, 128, 1409
1, 100, 1404
1, 128, 1399
1, 127, 1393
1, 127, 1385
1, 128, 1381
1, 126, 1377
1, 126, 1371
1, 125, 1363
1, 113, 1356
1, 123, 1348
1, 122, 1345
1, 121, 1341
1, 122, 1334
1, 120, 1328
1, 96, 1327
1, 119, 1325
1, 119, 1321
1, 119, 1315
1, 117, 1305
1, 116, 1302
1, 116, 1299
1, 116, 1296
1, 116, 1289
1, 115, 1285
1, 114, 1278
1, 113, 1273
1, 113, 1269
1, 112, 1268
1, 112, 1262
1, 112, 1258
1, 110, 1252
1, 110, 1249
1, 110, 1245
1, 109, 1241
1, 104, 1240
1, 104, 1235
1, 107, 1233
1, 107, 1228
1, 107, 1223
1, 106, 1220
1, 106, 1219
1, 106, 1216
1, 106, 1213
1, 105, 1211
1, 105, 1206
1, 104, 1206
1, 105, 1204
1, 104, 1202
1, 84, 1199
1, 103, 1192
1, 103, 1187
1, 102, 1187
1, 86, 1186
1, 102, 1185
1, 102, 1182
1, 101, 1179
1, 100, 1176
1, 100, 1174
1, 101, 1173
1, 100, 1171
1, 100, 1165
1, 84, 1163
1, 98, 1160
1, 99, 1158
1, 98, 1156
1, 83, 1154
1, 98, 1154
1, 98, 1152
1, 98, 1149
1, 98, 1148
1, 80, 1146
1, 72, 1142
1, 97, 1140
1, 96, 1137
1, 96, 1134
1, 96, 1132
1, 95, 1129
1, 96, 1129
1, 95, 1128
1, 95, 1127
1, 95, 1126
1, 94, 1125
1, 95, 1121
1, 79, 1118
1, 72, 1116
1, 93, 1114
1, 93, 1114
1, 94, 1112
1, 93, 1112
1, 76, 1111
1, 93, 1109
1, 92, 1105
1, 92, 1105
1, 86, 1103
1, 66, 1102
1, 60, 1102
1, 64, 1101
1, 81, 1100
1, 72, 1096
1, 90, 1095
1, 91, 1093
1, 71, 1092
1, 67, 1091
1, 90, 1090
1, 76, 1089
1, 69, 1086
1, 88, 1083
1, 89, 1081
1, 71, 1081
1, 64, 1077
1, 85, 1075
1, 89, 1074
1, 75, 1072
1, 77, 1071
1, 60, 1069
1, 85, 1067
1, 88, 1067
1, 89, 1066
1, 74, 1065
1, 87, 1062
1, 70, 1062
1, 82, 1061
1, 85, 1059
1, 65, 1058
1, 62, 1058
1, 86, 1056
1, 84, 1056
1, 64, 1055
1, 53, 1052
1, 46, 1052
1, 50, 1051
1, 55, 1049
1, 68, 1048
1, 90, 1047
1, 91, 1046
1, 73, 1046
1, 56, 1044
1, 48, 1042
1, 43, 1040
1, 41, 1038
1, 52, 1037
1, 69, 1036
1, 80, 1036
1, 66, 1036
1, 63, 1033
1, 63, 1031
1, 60, 1029
1, 69, 1028
1, 57, 1027
1, 57, 1027
1, 81, 1025
1, 71, 1022
1, 85, 1021
1, 84, 1020
1, 80, 1018
1, 67, 1018
1, 82, 1017
1, 82, 1014
1, 82, 1013
1, 82, 1011
1, 82, 1009
1, 81, 1008
1, 81, 1006
1, 80, 1006
1, 81, 1006
1, 81, 1005
1, 81, 1002
1, 81, 999
1, 67, 993
1, 79, 991
1, 68, 989
1, 77, 989
1, 67, 989
1, 79, 985
1, 79, 985
1, 78, 985
1, 68, 985
1, 79, 982
1, 78, 982
1, 67, 978
1, 78, 978
1, 78, 978
1, 67, 975
1, 74, 975
1, 65, 973
1, 77, 971
1, 67, 969
1, 76, 968
1, 77, 967
1, 66, 967
1, 60, 966
1, 77, 965
1, 76, 965
1, 67, 964
1, 60, 963
1, 76, 963
1, 66, 963
1, 75, 962
1, 67, 960
1, 75, 959
1, 66, 959
1, 75, 958
1, 76, 957
1, 65, 957
1, 75, 957
1, 75, 955
1, 65, 955
1, 59, 955
1, 75, 954
1, 65, 952
1, 61, 950
1, 74, 950
1, 65, 950
1, 59, 949
1, 74, 949
1, 75, 948
1, 65, 945
1, 59, 945
1, 73, 944
1, 75, 943
1, 64, 940
1, 58, 940
1, 72, 938
1, 74, 937
1, 73, 937
1, 73, 936
1, 64, 936
1, 73, 936
1, 64, 936
1, 58, 936
1, 73, 936
1, 64, 936
1, 58, 936
1, 73, 933
1, 73, 932
1, 64, 930
1, 72, 929
1, 64, 929
1, 72, 928
1, 64, 927
1, 72, 926
1, 61, 925
1, 57, 924
1, 72, 920
1, 72, 917
1, 71, 916
1, 71, 914
1, 71, 913
1, 71, 911
1, 71, 911
1, 71, 910
1, 71, 908
1, 70, 907
1, 71, 905
1, 62, 905
1, 54, 904
1, 53, 904
1, 69, 904
1, 70, 904
1, 70, 903
1, 70, 902
1, 70, 899
1, 70, 897
1, 69, 896
1, 70, 896
1, 69, 895
1, 70, 893
1, 69, 892
1, 69, 891
1, 61, 891
1, 49, 889
1, 42, 889
1, 39, 888
1, 37, 887
1, 39, 886
1, 42, 886
1, 40, 886
1, 37, 885
1, 142, 1706
1, 161, 1688
1, 169, 1676
1, 167, 1657
1, 156, 1639
1, 113, 1626
1, 113, 1617
1, 119, 1606
1, 94, 1592
1, 109, 1585
1, 92, 1575
1, 120, 1565
1, 105, 1557
1, 131, 1548
1, 145, 1541
1, 110, 1530
1, 104, 1523
1, 132, 1510
1, 144, 1503
1, 143, 1499
1, 142, 1492
1, 142, 1486
1, 140, 1479
1, 110, 1476
1, 135, 1471
1, 138, 1463
1, 138, 1454
1, 136, 1447
1, 132, 1443
1, 132, 1435
1, 134, 1428
1, 133, 1422
1, 132, 1418
1, 131, 1414
1, 121, 1410
1, 130, 1407
1, 130, 1403
1, 130, 1397
1, 129, 1395
1, 128, 1390
1, 128, 1389
1, 118, 1389
1, 128, 1386
1, 127, 1382
1, 126, 1378
1, 126, 1373
1, 125, 1367
1, 118, 1362
1, 94, 1355
1, 123, 1349
1, 122, 1347
1, 123, 1345
1, 119, 1338
1, 95, 1335
1, 121, 1330
1, 120, 1324
1, 119, 1322
1, 91, 1319
1, 77, 1315
1, 101, 1312
1, 115, 1308
1, 110, 1306
1, 112, 1303
1, 87, 1301
1, 73, 1298
1, 67, 1298
1, 92, 1294
1, 115, 1287
1, 115, 1285
1, 114, 1281
1, 114, 1279
1, 114, 1276
1, 113, 1274
1, 113, 1270
1, 112, 1268
1, 112, 1268
1, 112, 1267
1, 112, 1263
1, 111, 1256
1, 111, 1254
1, 110, 1251
1, 91, 1251
1, 84, 1249
1, 109, 1243
1, 109, 1241
1, 99, 1239
1, 107, 1238
1, 109, 1236
1, 108, 1234
1, 108, 1231
1, 107, 1228
1, 107, 1225
1, 106, 1222
1, 106, 1219
1, 106, 1218
1, 105, 1216
1, 106, 1214
1, 105, 1210
1, 105, 1207
1, 104, 1204
1, 103, 1200
1, 99, 1197
1, 82, 1197
1, 102, 1192
1, 87, 1191
1, 102, 1190
1, 103, 1187
1, 86, 1185
1, 101, 1183
1, 101, 1181
1, 82, 1179
1, 101, 1179
1, 85, 1178
1, 101, 1177
1, 101, 1173
1, 101, 1172
1, 100, 1170
1, 99, 1168
1, 100, 1166
1, 98, 1164
1, 83, 1164
1, 74, 1161
1, 98, 1158
1, 98, 1158
1, 99, 1157
1, 98, 1156
1, 99, 1155
1, 98, 1154
1, 98, 1153
1, 98, 1150
1, 92, 1146
1, 97, 1145
1, 97, 1144
1, 82, 1143
1, 97, 1142
1, 96, 1142
1, 97, 1140
1, 97, 1139
1, 96, 1135
1, 95, 1132
1, 96, 1130
1, 95, 1129
1, 96, 1127
1, 91, 1125
1, 76, 1124
1, 90, 1124
1, 77, 1122
1, 94, 1119
1, 93, 1113
1, 93, 1112
1, 94, 1110
1, 92, 1109
1, 93, 1107
1, 93, 1107
1, 78, 1107
1, 80, 1107
1, 93, 1104
1, 92, 1102
1, 92, 1100
1, 92, 1100
1, 92, 1099
1, 91, 1095
1, 91, 1095
1, 91, 1094
1, 76, 1092
1, 69, 1092
1, 64, 1088
1, 83, 1088
1, 90, 1085
1, 90, 1083
1, 75, 1080
1, 68, 1078
1, 89, 1078
1, 75, 1078
1, 68, 1076
1, 88, 1072
1, 75, 1072
1, 88, 1072
1, 88, 1072
1, 75, 1071
1, 87, 1069
1, 88, 1067
1, 88, 1065
1, 88, 1065
1, 73, 1058
1, 86, 1055
1, 87, 1054
1, 72, 1052
1, 65, 1048
1, 82, 1047
1, 84, 1047
1, 85, 1041
1, 85, 1037
1, 85, 1035
1, 84, 1034
1, 84, 1034
1, 84, 1032
1, 84, 1028
1, 84, 1027
1, 83, 1025
1, 83, 1024
1, 83, 1024
1, 83, 1023
1, 83, 1022
1, 83, 1022
1, 71, 1022
1, 83, 1021
1, 82, 1021
1, 83, 1018
1, 80, 1018
1, 70, 1017
1, 81, 1015
1, 83, 1014
1, 81, 1011
1, 82, 1011
1, 81, 1011
1, 82, 1009
1, 81, 1008
1, 78, 1007
1, 69, 1007
1, 81, 1006
1, 81, 1005
1, 81, 1005
1, 81, 1004
1, 81, 1000
1, 80, 999
1, 80, 999
1, 80, 997
1, 77, 994
1, 68, 993
1, 79, 992
1, 79, 990
1, 68, 989
1, 80, 989
1, 79, 987
1, 78, 984
1, 79, 983
1, 67, 982
1, 78, 980
1, 78, 980
1, 68, 980
1, 78, 978
1, 67, 977
1, 77, 976
1, 78, 975
1, 67, 974
1, 77, 973
1, 67, 973
1, 77, 972
1, 67, 970
1, 76, 969
1, 65, 968
1, 59, 967
1, 76, 965
1, 67, 965
1, 59, 964
1, 77, 963
1, 65, 963
1, 76, 963
1, 68, 961
1, 70, 961
1, 64, 958
1, 59, 957
1, 75, 954
1, 66, 953
1, 59, 949
1, 73, 946
1, 74, 945
1, 64, 945
1, 59, 945
1, 73, 941
1, 74, 940
1, 64, 939
1, 60, 938
1, 73, 937
1, 64, 935
1, 59, 935
1, 73, 934
1, 64, 934
1, 58, 934
1, 72, 933
1, 73, 928
1, 63, 928
1, 73, 927
1, 72, 926
1, 63, 925
1, 70, 924
1, 70, 923
1, 64, 923
1, 58, 923
1, 71, 923
1, 73, 923
1, 72, 922
1, 72, 922
1, 72, 922
1, 72, 922
1, 71, 922
1, 70, 920
1, 68, 918
1, 69, 918
1, 72, 918
1, 71, 916
1, 72, 916
1, 71, 915
1, 72, 915
1, 71, 915
1, 71, 914
1, 71, 914
1, 71, 912
1, 71, 911
1, 62, 910
1, 71, 910
1, 70, 910
1, 71, 909
1, 71, 908
1, 70, 908
1, 71, 907
1, 70, 906
1, 61, 905
1, 69, 904
1, 70, 903
1, 70, 903
1, 71, 903
1, 70, 902
1, 69, 901
1, 68, 901
1, 68, 901
1, 70, 901
1, 70, 901
1, 67, 901
1, 67, 899
1, 68, 899
1, 70, 899
1, 69, 898
1, 70, 898
1, 69, 898
1, 70, 897
1, 69, 897
1, 69, 897
1, 70, 897
1, 69, 896
1, 69, 895
1, 70, 895
1, 69, 894
1, 69, 893
1, 69, 892
1, 69, 892
1, 69, 891
1, 68, 890
1, 69, 890
1, 69, 890
1, 69, 890
1, 68, 890
1, 69, 889
1, 68, 889
1, 69, 889
1, 68, 888
1, 69, 887
1, 68, 887
1, 68, 887
1, 69, 887
1, 68, 886
1, 68, 886
1, 69, 886
1, 68, 885
1, 68, 885
1, 68, 885
1, 68, 885
1, 68, 884
1, 68, 884
1, 61, 884
1, 68, 884
1, 68, 884
1, 68, 884
1, 68, 884
1, 68, 883
1, 66, 882
1, 67, 882
1, 68, 881
1, 67, 881
1, 60, 881
1, 56, 881
1, 68, 880
1, 64, 879
1, 59, 878
1, 68, 878
1, 67, 877
1, 67, 877
1, 67, 877
1, 60, 877
1, 67, 877
1, 66, 877
1, 67, 876
1, 60, 876
1, 67, 875
1, 67, 875
1, 67, 874
1, 67, 873
1, 60, 873
1, 55, 873
1, 66, 873
1, 67, 873
1, 59, 871
1, 67, 871
1, 67, 871
1, 59, 871
1, 66, 870
1, 67, 869
1, 66, 869
1, 60, 868
1, 63, 868
1, 58, 866
1, 66, 865
1, 64, 865
1, 58, 865
1, 65, 865
1, 55, 863
1, 64, 863
1, 58, 863
1, 66, 863
1, 59, 862
1, 65, 860
1, 58, 859
1, 65, 858
1, 58, 858
1, 65, 858
1, 59, 858
1, 65, 858
1, 65, 858
1, 59, 858
1, 64, 858
1, 57, 857
1, 53, 857
1, 48, 856
1, 47, 855
1, 63, 855
1, 58, 854
1, 64, 854
1, 57, 854
1, 64, 854
1, 59, 853
1, 64, 853
1, 58, 853
1, 64, 853
1, 58, 853
1, 65, 853
1, 65, 852
1, 58, 852
1, 65, 852
1, 56, 852
1, 64, 852
1, 58, 851
1, 65, 850
1, 57, 848
1, 61, 848
1, 57, 848
1, 64, 848
1, 58, 848
1, 64, 848
1, 64, 847
1, 58, 847
1, 64, 847
1, 52, 846
1, 52, 846
1, 51, 845
1, 48, 843
1, 47, 843
1, 46, 842
1, 57, 842
1, 53, 842
1, 51, 842
1, 63, 842
1, 57, 840
1, 63, 840
1, 53, 838
1, 52, 838
1, 50, 838
1, 48, 837
1, 62, 837
1, 58, 836
1, 53, 835
1, 63, 835
1, 56, 835
1, 63, 835
1, 57, 835
1, 59, 834
1, 54, 834
1, 63, 833
1, 56, 833
1, 63, 833
1, 57, 833
1, 63, 833
1, 56, 832
1, 62, 832
1, 63, 832
1, 57, 832
1, 62, 831
1, 57, 831
1, 63, 831
1, 57, 830
1, 62, 829
1, 56, 829
1, 62, 829
1, 56, 829
1, 62, 829
1, 57, 829
1, 62, 827
1, 63, 826
1, 55, 826
1, 61, 826
1, 62, 826
1, 55, 825
1, 61, 824
1, 56, 823
1, 51, 823
1, 49, 823
1, 48, 823
1, 61, 822
1, 56, 822
1, 61, 822
1, 62, 821
1, 56, 821
1, 62, 821
1, 55, 819
1, 61, 819
1, 61, 819
1, 55, 818
1, 60, 818
1, 52, 818
1, 49, 817
1, 49, 817
1, 47, 817
1, 60, 817
1, 56, 817
1, 62, 817
1, 54, 815
1, 61, 814
1, 56, 814
1, 61, 814
1, 54, 814
1, 51, 813
1, 48, 813
1, 61, 813
1, 61, 813
1, 55, 813
1, 61, 812
1, 56, 812
1, 51, 812
1, 61, 812
1, 56, 811
1, 60, 811
1, 53, 811
1, 60, 809
1, 61, 808
1, 60, 808
1, 54, 808
1, 50, 808
1, 48, 808
1, 60, 806
1, 60, 805
1, 60, 805
1, 53, 804
1, 50, 804
1, 48, 804
1, 59, 804
1, 60, 804
1, 55, 804
1, 60, 804
1, 60, 803
1, 55, 803
1, 60, 802
1, 60, 802
1, 53, 802
1, 50, 802
1, 48, 802
1, 58, 802
1, 60, 802
1, 55, 802
1, 60, 801
1, 59, 801
1, 60, 801
1, 60, 801
1, 60, 800
1, 60, 798
1, 60, 798
1, 59, 796
1, 60, 795
1, 53, 795
1, 59, 794
1, 52, 792
1, 49, 792
1, 47, 792
1, 59, 792
1, 59, 791
1, 59, 791
1, 59, 791
1, 59, 790
1, 59, 790
1, 59, 788
1, 58, 787
1, 52, 787
1, 49, 787
1, 47, 787
1, 57, 787
1, 59, 787
1, 58, 787
1, 59, 787
1, 53, 787
1, 58, 786
1, 59, 785
1, 52, 785
1, 49, 785
1, 57, 785
1, 53, 784
1, 58, 784
1, 58, 784
1, 58, 784
1, 59, 783
1, 58, 782
1, 58, 782
1, 58, 782
1, 58, 781
1, 58, 781
1, 55, 779
1, 57, 779
1, 57, 779
1, 52, 779
1, 48, 779
1, 57, 779
1, 58, 779
1, 57, 779
1, 58, 779
1, 58, 779
1, 56, 779
1, 52, 778
1, 57, 778
1, 58, 778
1, 58, 778
1, 57, 778
1, 58, 778
1, 58, 777
1, 57, 777
1, 58, 777
1, 52, 777
1, 48, 777
1, 56, 777
1, 58, 777
1, 57, 776
1, 58, 776
1, 57, 776
1, 57, 776
1, 58, 775
1, 57, 775
1, 58, 775
1, 57, 774
1, 58, 774
1, 57, 774
1, 57, 774
1, 58, 774
1, 57, 774
1, 48, 774
1, 43, 774
1, 39, 774
1, 35, 774
1, 32, 774
1, 31, 774
1, 36, 774
1, 36, 774
1, 34, 774
1, 33, 774
1, 31, 774
1, 30, 773
1, 29, 773
1, 29, 773
1, 28, 773
1, 28, 773
1, 27, 773
1, 27, 773
1, 27, 773
1, 26, 773
1, 27, 773
1, 26, 772
1, 26, 772
1, 26, 772
1, 26, 772
1, 26, 772
1, 26, 772
1, 26, 772
1, 26, 772
1, 26, 772
1, 26, 772
1, 26, 772
1, 26, 772
1, 26, 772
1, 26, 772
1, 26, 772
1, 26, 772
1, 26, 772
1, 26, 772
1, 26, 772
1, 26, 772
1, 26, 771
1, 27, 771
1, 26, 771
1, 26, 771
1, 25, 770
1, 26, 770
1, 27, 769
1, 26, 768
1, 25, 768
1, 26, 768
1, 26, 768
1, 26, 768
1, 26, 768
1, 26, 768
1, 26, 768
1, 26, 767
1, 26, 767
1, 26, 767
1, 26, 767
1, 26, 767
1, 25, 767
1, 26, 766
1, 26, 766
1, 26, 766
1, 25, 766
1, 26, 766
1, 26, 766
1, 26, 766
1, 25, 765
1, 26, 765
1, 26, 763
1, 25, 763
1, 26, 763
1, 26, 763
1, 25, 763
1, 26, 762
1, 25, 762
1, 26, 761
1, 26, 761
1, 25, 761
1, 26, 760
1, 25, 759
1, 25, 759
1, 26, 758
1, 25, 758
1, 26, 758
1, 25, 758
1, 25, 758
1, 26, 758
1, 25, 757
1, 26, 757
1, 25, 756
1, 25, 756
1, 25, 756
1, 26, 756
1, 25, 755
1, 25, 754
1, 26, 754
1, 25, 754
1, 25, 753
1, 25, 753
1, 25, 752
1, 25, 752
1, 26, 752
1, 25, 751
1, 25, 751
1, 25, 749
1, 25, 749
1, 25, 749
1, 25, 748
1, 25, 747
1, 25, 747
1, 24, 747
1, 25, 746
1, 25, 746
1, 25, 746
1, 25, 746
1, 25, 746
1, 25, 746
1, 24, 746
1, 25, 745
1, 25, 744
1, 25, 742
1, 24, 742
1, 25, 741
1, 25, 741
1, 24, 741
1, 25, 741
1, 25, 741
1, 24, 741
1, 25, 741
1, 25, 741
1, 24, 741
1, 25, 740
1, 24, 740
1, 25, 740
1, 25, 740
1, 24, 739
1, 25, 739
1, 24, 739
1, 25, 739
1, 24, 739
1, 25, 739
1, 25, 739
1, 24, 739
1, 25, 739
1, 24, 738
1, 25, 738
1, 24, 738
1, 25, 738
1, 24, 738
1, 25, 738
1, 25, 737
1, 24, 735
1, 24, 735
1, 25, 734
1, 24, 734
1, 24, 733
1, 25, 733
1, 24, 733
1, 24, 733
1, 24, 733
1, 25, 733
1, 24, 733
1, 24, 733
1, 25, 733
1, 24, 733
1, 24, 733
1, 24, 733
1, 25, 733
1, 24, 733
1, 24, 733
1, 25, 733
1, 24, 733
1, 24, 733
1, 24, 733
1, 25, 733
1, 24, 733
1, 24, 732
1, 24, 732
1, 25, 732
1, 24, 732
1, 24, 732
1, 24, 732
1, 25, 731
1, 24, 731
1, 24, 731
1, 24, 731
1, 24, 731
1, 25, 731
1, 24, 731
1, 24, 731
1, 24, 730
1, 25, 729
1, 24, 729
1, 24, 729
1, 24, 728
1, 24, 728
1, 26, 728
1, 24, 728
1, 24, 727
1, 24, 727
1, 24, 727
1, 24, 726
1, 24, 726
1, 24, 724
1, 24, 724
1, 24, 724
1, 24, 722
1, 24, 721
1, 23, 721
1, 24, 721
1, 24, 721
1, 24, 721
1, 23, 721
1, 24, 719
1, 24, 719
1, 23, 719
1, 24, 719
1, 24, 719
1, 23, 719
1, 24, 719
1, 24, 718
1, 23, 718
1, 24, 718
1, 24, 718
1, 23, 716
1, 24, 716
1, 24, 715
1, 23, 715
1, 24, 715
1, 23, 715
1, 24, 715
1, 23, 713
1, 24, 712
1, 23, 712
1, 24, 712
1, 23, 711
1, 23, 710
1, 24, 710
1, 23, 710
1, 23, 710
1, 24, 710
1, 23, 709
1, 23, 708
1, 23, 707
1, 23, 706
1, 23, 706
1, 24, 706
1, 23, 705
1, 23, 704
1, 23, 704
1, 23, 704
1, 24, 703
1, 22, 702
1, 23, 702
1, 23, 702
1, 23, 702
1, 24, 702
1, 23, 702
1, 23, 701
1, 23, 701
1, 23, 701
1, 23, 701
1, 23, 701
1, 23, 701
1, 23, 700
1, 22, 700
1, 23, 699
1, 23, 699
1, 23, 699
1, 23, 699
1, 23, 699
1, 23, 699
1, 22, 699
1, 23, 699
1, 23, 699
1, 23, 698
1, 23, 698
1, 23, 698
1, 22, 698
1, 23, 698
1, 23, 697
1, 23, 697
1, 23, 696
1, 22, 696
1, 23, 695
1, 23, 694
1, 22, 693
1, 23, 693
1, 22, 691
1, 23, 691
1, 22, 691
1, 23, 690
1, 22, 690
1, 23, 690
1, 22, 690
1, 23, 690
1, 22, 690
1, 23, 689
1, 22, 689
1, 23, 689
1, 22, 688
1, 22, 688
1, 23, 688
1, 22, 688
1, 23, 688
1, 22, 688
1, 22, 688
1, 23, 688
1, 22, 688
1, 22, 688
1, 23, 688
1, 22, 688
1, 23, 688
1, 22, 688
1, 22, 688
1, 23, 688
1, 22, 688
1, 23, 688
1, 22, 688
1, 23, 688
1, 22, 687
1, 22, 686
1, 23, 685
1, 22, 684
1, 22, 684
1, 22, 684
1, 23, 684
1, 22, 683
1, 22, 683
1, 22, 682
1, 22, 681
1, 22, 681
1, 23, 681
1, 22, 681
1, 22, 681
1, 22, 681
1, 22, 681
1, 22, 681
1, 22, 680
1, 22, 680
1, 22, 680
1, 22, 680
1, 22, 680
1, 22, 678
1, 22, 678
1, 22, 678
1, 22, 677
1, 22, 677
1, 22, 677
1, 22, 677
1, 22, 677
1, 22, 677
1, 22, 677
1, 22, 677
1, 22, 677
1, 22, 676
1, 22, 676
1, 22, 676
1, 22, 676
1, 21, 676
1, 22, 676
1, 22, 676
1, 22, 676
1, 22, 676
1, 22, 676
1, 22, 676
1, 22, 676
1, 22, 675
1, 22, 675
1, 22, 675
1, 21, 674
1, 22, 674
1, 22, 674
1, 22, 674
1, 22, 674
1, 22, 674
1, 21, 674
1, 22, 674
1, 22, 674
1, 22, 674
1, 22, 674
1, 21, 673
1, 22, 673
1, 22, 673
1, 22, 673
1, 22, 673
1, 21, 673
1, 22, 673
1, 22, 673
1, 22, 673
1, 21, 673
1, 22, 673
1, 22, 672
1, 22, 672
1, 21, 672
1, 22, 672
1, 22, 672
1, 22, 672
1, 21, 672
1, 22, 672
1, 22, 672
1, 22, 672
1, 21, 672
1, 22, 672
1, 22, 672
1, 22, 672
1, 21, 672
1, 22, 672
1, 22, 672
1, 22, 672
1, 21, 670
1, 22, 670
1, 22, 670
1, 22, 669
1, 21, 669
1, 22, 669
1, 22, 669
1, 21, 668
1, 22, 668
1, 22, 668
1, 21, 668
1, 21, 668
1, 28, 668
1, 27, 668
1, 26, 668
1, 25, 668
1, 25, 668
1, 23, 668
1, 24, 668
1, 22, 668
1, 23, 668
1, 22, 668
1, 21, 668
1, 22, 668
1, 21, 668
1, 22, 668
1, 22, 668
1, 21, 668
1, 22, 668
1, 22, 668
1, 22, 668
1, 21, 668
1, 22, 668
1, 22, 667
1, 21, 667
1, 22, 667
1, 22, 667
1, 21, 667
1, 22, 667
1, 22, 667
1, 21, 667
1, 22, 667
1, 22, 667
1, 21, 667
1, 22, 667
1, 21, 667
1, 22, 667
1, 22, 667
1, 21, 667
1, 22, 666
1, 21, 665
1, 22, 665
1, 21, 665
1, 22, 665
1, 21, 665
1, 22, 665
1, 21, 665
1, 22, 665
1, 21, 665
1, 21, 665
1, 22, 665
1, 21, 663
1, 22, 663
1, 21, 663
1, 22, 661
1, 21, 660
1, 21, 660
1, 22, 660
1, 21, 660
1, 21, 660
1, 21, 660
1, 22, 660
1, 21, 659
1, 21, 659
1, 22, 659
1, 21, 659
1, 21, 659
1, 21, 659
1, 22, 659
1, 21, 659
1, 21, 659
1, 21, 659
1, 21, 658
1, 22, 658
1, 21, 657
1, 21, 657
1, 21, 657
1, 21, 657
1, 21, 657
1, 21, 657
1, 22, 657
1, 21, 657
1, 21, 657
1, 21, 656
1, 21, 656
1, 21, 656
1, 21, 656
1, 21, 656
1, 21, 656
1, 22, 656
1, 21, 656
1, 21, 656
1, 21, 656
1, 21, 656
1, 21, 656
1, 21, 655
1, 21, 655
1, 21, 655
1, 21, 655
1, 22, 655
1, 21, 655
1, 21, 654
1, 21, 654
1, 21, 654
1, 21, 654
1, 21, 653
1, 21, 653
1, 21, 653
1, 21, 653
1, 21, 653
1, 21, 653
1, 21, 652
1, 21, 652
1, 20, 652
1, 21, 652
1, 21, 652
1, 21, 652
1, 21, 652
1, 21, 652
1, 21, 652
1, 21, 652
1, 21, 652
1, 21, 652
1, 21, 652
1, 21, 652
1, 21, 652
1, 21, 652
1, 21, 652
1, 21, 652
1, 21, 652
1, 21, 652
1, 21, 652
1, 21, 652
1, 21, 652
1, 21, 652
1, 20, 652
1, 21, 652
1, 21, 652
1, 21, 652
1, 21, 652
1, 21, 652
1, 21, 652
1, 21, 652
1, 21, 652
1, 21, 652
1, 21, 652
1, 21, 651
1, 21, 651
1, 21, 650
1, 21, 650
1, 21, 650
1, 20, 650
1, 21, 650
1, 21, 650
1, 21, 650
1, 21, 650
1, 21, 650
1, 21, 650
1, 20, 648
1, 21, 648
1, 21, 648
1, 21, 648
1, 21, 648
1, 20, 648
1, 21, 647
1, 21, 647
1, 21, 647
1, 21, 645
1, 21, 645
1, 20, 645
1, 21, 645
1, 21, 645
1, 20, 645
1, 21, 644
1, 21, 643
1, 20, 643
1, 21, 643
1, 21, 643
1, 21, 643
1, 20, 643
1, 21, 643
1, 20, 643
1, 21, 642
1, 21, 642
1, 20, 641
1, 21, 641
1, 20, 641
1, 21, 640
1, 20, 640
1, 21, 640
1, 20, 640
1, 21, 640
1, 20, 640
1, 21, 639
1, 20, 639
1, 21, 638
1, 20, 638
1, 21, 638
1, 20, 638
1, 20, 638
1, 21, 638
1, 20, 638
1, 21, 638
1, 20, 638
1, 21, 638
1, 20, 638
1, 21, 638
1, 21, 638
1, 20, 638
1, 20, 638
1, 21, 638
1, 21, 638
1, 20, 638
1, 21, 638
1, 20, 638
1, 21, 638
1, 20, 638
1, 21, 638
1, 20, 638
1, 21, 637
1, 20, 637
1, 21, 637
1, 20, 637
1, 21, 637
1, 20, 637
1, 21, 637
1, 20, 637
1, 21, 637
1, 20, 637
1, 21, 637
1, 21, 637
1, 20, 636
1, 20, 636
1, 21, 635
1, 20, 635
1, 20, 635
1, 21, 635
1, 20, 634
1, 20, 634
1, 20, 634
1, 21, 634
1, 20, 634
1, 20, 634
1, 21, 633
1, 20, 633
1, 20, 633
1, 20, 633
1, 21, 632
1, 20, 632
1, 20, 632
1, 20, 632
1, 20, 632
1, 21, 632
1, 20, 631
1, 20, 631
1, 20, 631
1, 20, 630
1, 20, 630
1, 20, 630
1, 20, 630
1, 21, 630
1, 20, 629
1, 20, 628
1, 20, 628
1, 20, 628
1, 20, 628
1, 20, 628
1, 20, 628
1, 20, 628
1, 20, 626
1, 20, 626
1, 20, 626
1, 20, 626
1, 21, 626
1, 20, 626
1, 20, 626
1, 20, 626
1, 20, 625
1, 20, 625
1, 20, 625
1, 20, 625
1, 20, 625
1, 20, 625
1, 20, 624
1, 20, 624
1, 20, 624
1, 20, 624
1, 20, 624
1, 20, 624
1, 20, 624
1, 20, 624
1, 20, 624
1, 20, 624
1, 36, 624
1, 33, 624
1, 36, 624
1, 35, 624
1, 32, 623
1, 30, 623
1, 28, 622
1, 27, 621
1, 25, 621
1, 25, 621
1, 24, 620
1, 23, 620
1, 22, 620
1, 22, 620
1, 21, 619
1, 20, 619
1, 20, 618
1, 20, 618
1, 20, 617
1, 20, 617
1, 19, 617
1, 20, 617
1, 19, 617
1, 20, 617
1, 20, 617
1, 20, 616
1, 19, 615
1, 20, 615
1, 21, 615
1, 19, 615
